/*
Navicat MySQL Data Transfer

Source Server         : 本地连接
Source Server Version : 80012
Source Host           : localhost:3306
Source Database       : db_dtb

Target Server Type    : MYSQL
Target Server Version : 80012
File Encoding         : 65001

Date: 2019-04-07 02:55:14
*/

SET FOREIGN_KEY_CHECKS=0;

-- ----------------------------
-- Table structure for as_address
-- ----------------------------
DROP TABLE IF EXISTS `as_address`;
CREATE TABLE `as_address` (
  `id` int(11) NOT NULL AUTO_INCREMENT COMMENT 'id',
  `user_id` int(11) NOT NULL COMMENT '所属用户',
  `user_name` varchar(20) NOT NULL COMMENT '收货人姓名',
  `phone` varchar(11) NOT NULL COMMENT '收货人电话',
  `province` varchar(20) NOT NULL COMMENT '收货省份',
  `city` varchar(20) NOT NULL COMMENT '收货市名',
  `area` varchar(20) NOT NULL COMMENT '收货区名',
  `detial` varchar(100) NOT NULL COMMENT '收货详细地址',
  `create_time` datetime DEFAULT CURRENT_TIMESTAMP COMMENT '创建时间',
  `update_time` datetime DEFAULT CURRENT_TIMESTAMP ON UPDATE CURRENT_TIMESTAMP COMMENT '修改时间',
  `delete_time` datetime DEFAULT NULL COMMENT '删除时间',
  PRIMARY KEY (`id`),
  KEY `FK_Reference_20` (`user_id`),
  CONSTRAINT `FK_Reference_20` FOREIGN KEY (`user_id`) REFERENCES `as_user` (`id`)
) ENGINE=InnoDB AUTO_INCREMENT=3 DEFAULT CHARSET=utf8 COMMENT='收货地址表';

-- ----------------------------
-- Records of as_address
-- ----------------------------
INSERT INTO `as_address` VALUES ('1', '1', '张飞', '18965784589', '120000', '120100', '120111', '天津工业大学软件园', '2019-04-07 02:50:51', '2019-04-07 02:50:51', null);
INSERT INTO `as_address` VALUES ('2', '1', '李龙', '17895864589', '110000', '110100', '110101', '大栅栏', '2019-04-07 02:51:39', '2019-04-07 02:51:39', null);

-- ----------------------------
-- Table structure for as_admin
-- ----------------------------
DROP TABLE IF EXISTS `as_admin`;
CREATE TABLE `as_admin` (
  `id` int(11) NOT NULL AUTO_INCREMENT,
  `admin_type` tinyint(4) NOT NULL DEFAULT '1' COMMENT '管理员类型，0：超级管理员，1普通管理员，超级管理员不可删除',
  `admin_nick` varchar(20) NOT NULL COMMENT '管理员昵称',
  `admin_name` varchar(20) NOT NULL COMMENT '管理员姓名',
  `password` varchar(32) NOT NULL COMMENT '登录密码',
  `email` varchar(50) DEFAULT NULL COMMENT '邮箱地址',
  `phone` varchar(11) DEFAULT NULL COMMENT '电话号码',
  `login_state` tinyint(1) NOT NULL DEFAULT '1' COMMENT '登录状态',
  `create_time` datetime DEFAULT CURRENT_TIMESTAMP COMMENT '创建时间',
  `update_time` datetime DEFAULT CURRENT_TIMESTAMP ON UPDATE CURRENT_TIMESTAMP COMMENT '修改时间',
  `delete_time` datetime DEFAULT NULL COMMENT '删除时间',
  PRIMARY KEY (`id`)
) ENGINE=InnoDB AUTO_INCREMENT=3 DEFAULT CHARSET=utf8 COMMENT='管理员表';

-- ----------------------------
-- Records of as_admin
-- ----------------------------
INSERT INTO `as_admin` VALUES ('1', '0', 'admin', 'admin', 'e5a5e9c246620ac234a60f6dfebbf437', 'datiba_admin@163.com', '13602139203', '1', '2019-04-06 21:45:02', '2019-04-06 21:53:50', null);
INSERT INTO `as_admin` VALUES ('2', '1', '小小小鸿', 'zhufeihong', 'e5a5e9c246620ac234a60f6dfebbf437', 'tjpu_feihong@163.com', '15902225075', '1', '2019-04-06 21:55:09', '2019-04-06 21:55:09', null);

-- ----------------------------
-- Table structure for as_answers
-- ----------------------------
DROP TABLE IF EXISTS `as_answers`;
CREATE TABLE `as_answers` (
  `id` int(11) NOT NULL AUTO_INCREMENT COMMENT '主键',
  `user_id` int(11) NOT NULL COMMENT '解答用户',
  `question_id` int(11) NOT NULL COMMENT '题目id',
  `answer_summary` text COMMENT '解答描述',
  `answer_photos` text COMMENT '解答图片',
  `approval_num` int(11) NOT NULL DEFAULT '0' COMMENT '赞同人数',
  `oppose_num` int(11) NOT NULL DEFAULT '0' COMMENT '反对人数',
  `adoption_state` tinyint(1) NOT NULL DEFAULT '0' COMMENT '采纳状态，默认0未采纳',
  `score` tinyint(2) DEFAULT '0' COMMENT '提问者打分',
  `create_time` datetime DEFAULT CURRENT_TIMESTAMP COMMENT '创建时间',
  `update_time` datetime DEFAULT CURRENT_TIMESTAMP COMMENT '修改时间',
  `delete_time` datetime DEFAULT NULL COMMENT '删除时间',
  PRIMARY KEY (`id`),
  KEY `FK_Reference_5` (`user_id`),
  KEY `FK_Reference_6` (`question_id`),
  CONSTRAINT `FK_Reference_5` FOREIGN KEY (`user_id`) REFERENCES `as_user` (`id`),
  CONSTRAINT `FK_Reference_6` FOREIGN KEY (`question_id`) REFERENCES `as_questions` (`id`)
) ENGINE=InnoDB DEFAULT CHARSET=utf8 COMMENT='解答表';

-- ----------------------------
-- Records of as_answers
-- ----------------------------

-- ----------------------------
-- Table structure for as_carousel
-- ----------------------------
DROP TABLE IF EXISTS `as_carousel`;
CREATE TABLE `as_carousel` (
  `id` int(11) NOT NULL AUTO_INCREMENT COMMENT '主键',
  `title` varchar(255) DEFAULT NULL COMMENT '图片标题',
  `photo_url` varchar(300) NOT NULL COMMENT '图片地址',
  `detail_url` varchar(300) CHARACTER SET utf8 COLLATE utf8_general_ci DEFAULT NULL COMMENT '详细页面',
  `use_state` tinyint(1) NOT NULL DEFAULT '1' COMMENT '启用状态，默认1启用',
  `create_time` datetime DEFAULT CURRENT_TIMESTAMP COMMENT '创建时间',
  `update_time` datetime DEFAULT CURRENT_TIMESTAMP ON UPDATE CURRENT_TIMESTAMP COMMENT '修改时间',
  `delete_time` datetime DEFAULT NULL COMMENT '删除时间',
  PRIMARY KEY (`id`)
) ENGINE=InnoDB AUTO_INCREMENT=5 DEFAULT CHARSET=utf8 COMMENT='轮播图表';

-- ----------------------------
-- Records of as_carousel
-- ----------------------------
INSERT INTO `as_carousel` VALUES ('1', '奋斗', '/file/upload/system/carousel/2019/4/carousel_20190407003006807422911.jpg', '/home/index/question', '1', '2019-04-07 00:30:06', '2019-04-07 00:30:06', null);
INSERT INTO `as_carousel` VALUES ('2', '资料', '/file/upload/system/carousel/2019/4/carousel_20190407004059101128792.jpg', '/home/document/list', '1', '2019-04-07 00:40:59', '2019-04-07 00:41:46', null);
INSERT INTO `as_carousel` VALUES ('3', '教师', '/file/upload/system/carousel/2019/4/carousel_20190407004238467226151.jpg', '/home/index/user/list/2', '1', '2019-04-07 00:42:38', '2019-04-07 00:42:38', null);
INSERT INTO `as_carousel` VALUES ('4', '学生', '/file/upload/system/carousel/2019/4/carousel_20190407004341425719268.jpg', '/home/index/user/list/1', '1', '2019-04-07 00:43:41', '2019-04-07 00:43:41', null);

-- ----------------------------
-- Table structure for as_documents
-- ----------------------------
DROP TABLE IF EXISTS `as_documents`;
CREATE TABLE `as_documents` (
  `id` int(11) NOT NULL AUTO_INCREMENT COMMENT '主键',
  `user_id` int(11) NOT NULL COMMENT '上传用户',
  `admin_id` int(11) DEFAULT NULL COMMENT '审核管理员id',
  `integral` int(11) NOT NULL COMMENT '下载积分',
  `title` varchar(80) NOT NULL COMMENT '资料标题',
  `summary` varchar(1000) CHARACTER SET utf8 COLLATE utf8_general_ci NOT NULL COMMENT '资料描述',
  `document_type` tinyint(2) NOT NULL COMMENT '文档类型，1题目文档，2复习文档，3杂项文档',
  `grade_id` int(11) NOT NULL COMMENT '适用年级',
  `subject_id` int(11) NOT NULL COMMENT '适用学科',
  `check_state` tinyint(2) NOT NULL DEFAULT '0' COMMENT '审核状态，默认【0未审核】，【1审核通过】，【2审核未通过】【3等待修改】【4等待二次审核】【5二次审核未通过，不在审核】',
  `download_count` int(11) NOT NULL DEFAULT '0' COMMENT '下载次数',
  `file_path` varchar(600) NOT NULL COMMENT '文件路径',
  `reason` varchar(500) DEFAULT NULL COMMENT '不通过原因',
  `score` float(4,2) DEFAULT NULL COMMENT '用户评分',
  `create_time` datetime DEFAULT CURRENT_TIMESTAMP COMMENT '创建时间',
  `update_time` datetime DEFAULT CURRENT_TIMESTAMP ON UPDATE CURRENT_TIMESTAMP COMMENT '修改时间',
  `delete_time` datetime DEFAULT NULL COMMENT '删除时间',
  PRIMARY KEY (`id`),
  KEY `FK_Reference_10` (`grade_id`),
  KEY `FK_Reference_11` (`subject_id`),
  KEY `FK_Reference_14` (`user_id`),
  CONSTRAINT `FK_Reference_10` FOREIGN KEY (`grade_id`) REFERENCES `as_grade` (`id`),
  CONSTRAINT `FK_Reference_11` FOREIGN KEY (`subject_id`) REFERENCES `as_subject` (`id`),
  CONSTRAINT `FK_Reference_14` FOREIGN KEY (`user_id`) REFERENCES `as_user` (`id`)
) ENGINE=InnoDB AUTO_INCREMENT=16 DEFAULT CHARSET=utf8 COMMENT='资料文件表';

-- ----------------------------
-- Records of as_documents
-- ----------------------------
INSERT INTO `as_documents` VALUES ('1', '1', '2', '10', '六年级测试卷', '六年级测试卷，全国通用，不含答案，六年级测试试卷一', '1', '1', '2', '1', '0', '/file/upload/document/user-upload/2019/4/document_1_20190407005354387811478.doc', '没问题，审核通过', null, '2019-04-07 00:53:54', '2019-04-07 00:55:39', null);
INSERT INTO `as_documents` VALUES ('2', '99', '2', '5', '地理_知识点按章节汇总(人教版)_49页.doc', '⑴自然条件（P75中的图8.38、P76中的图8.39）\r\n位置	东临太平洋，西临印度洋，西北面与亚洲相邻，南与南极大陆遥遥相望，是世界上唯一拥有整个大陆的国家。\r\n地形	西部高原    200~500米\r\n	中部平原    ＜200米\r\n	东部山地    800~1000米\r\n气候	热带面积广大，气候类型呈半环状分布，大部分地区炎热干燥。\r\n⑵发达的农牧业\r\n①世界上绵羊数和出口羊毛最多的国家\r\n②重要的牛肉、小麦出口国\r\n③实现了生产机械化\r\n⑶澳大利亚农牧业分布与地形、气候的关系\r\n①与地形的关系：西部、北部和中部地区是低矮的高原和大面积平原，有优良的牧草，没有大型野生肉食动物，适合露天围栏放牧。东南部和西南部沿海既适合牧羊又适合发展耕作作业，时间上又不发生冲突，所以发展混合农业。\r\n②与气候的关系：中、西部和北部地区为广大的热带沙漠气候和热带草原气候区，气候较为干燥，适宜牲畜过冬和繁殖，东南部为夏季高温多雨，冬季温和湿润的温带海洋性气候和亚热带湿润气候，西南部为冬季湿润、夏季高温干燥的地中海气候。这样的气候特点既适宜畜牧业，也适宜耕作业，因此这些地区发展了混合农业。', '2', '3', '5', '1', '0', '/file/upload/document/user-upload/2019/4/document_2_20190407010427542516053.doc', '通过审核', null, '2019-04-07 01:04:27', '2019-04-07 01:34:00', null);
INSERT INTO `as_documents` VALUES ('3', '2', '2', '0', '初中化学_知识点按章节汇总__25页.doc', '1、化学是研究物质的组成、结构、性质以及变化规律的基础科学。 \r\n      2、我国劳动人民商代会制造青铜器，春秋战国时会炼铁、炼钢。 \r\n      3、绿色化学-----环境友好化学    (化合反应符合绿色化学反应) \r\n      ①四特点P6（原料、条件、零排放、产品）    ②核心：利用化学原理从源头消除污染 \r\n      4、蜡烛燃烧实验（描述现象时不可出现产物名称） \r\n      （1）火焰：焰心、内焰（最明亮）、外焰（温度最高） \r\n      （2）比较各火焰层温度：用一火柴梗平放入火焰中。现象：两端先碳化；结论：外焰温度最高 \r\n       （3）检验产物    H2O：用干冷烧杯罩火焰上方，烧杯内有水雾 \r\n      CO2：取下烧杯，倒入澄清石灰水，振荡，变浑浊 \r\n       （4）熄灭后：有白烟（为石蜡蒸气），点燃白烟，蜡烛复燃。说明石蜡蒸气燃烧。            \r\n      5、吸入空气与呼出气体的比较 \r\n      结论：与吸入空气相比，呼出气体中O2的量减少，CO2和H2O的量增多 \r\n          （吸入空气与呼出气体成分是相同的） \r\n      6、学习化学的重要途径——科学探究 \r\n      一般步骤：提出问题→猜想与假设→设计实验→实验验证→记录与结论→反思与评价 \r\n      化学学习的特点：关注物质的性质、变化、变化过程及其现象；  \r\n      7、化学实验（化学是一门以实验为基础的科学）', '2', '4', '9', '1', '0', '/file/upload/document/user-upload/2019/4/document_2_2019040701135864885916.doc', '通过审核', null, '2019-04-07 01:13:58', '2019-04-07 01:32:47', null);
INSERT INTO `as_documents` VALUES ('4', '54', '2', '20', '初中历史_知识点按册汇总_28页.doc', '一、我国境内的远古居民\r\n1、我国境内已知的最早人类是云南的元谋人，距今约170万年。\r\n2、北京人生活的时间距今约70万年至20万年，最早使用天然火。\r\n3、我国是世界上最早种植水稻和粟的国家，6000多年前，生活在长江流域的河姆渡人已栽培了水稻，5000多年前生活在黄河流域的半坡人已栽培了世界上最早的粟和蔬菜。\r\n二、夏、商、西周奴隶制王朝\r\n1、约公元前21世纪，禹建立了我国第一个奴隶制王朝夏朝。这表明王位世袭制代替了“禅让制”（通过推举选出部落联盟首领的办法叫禅让制）。\r\n2、约公元前16世纪，汤灭夏建立了商朝。商朝时盘庚迁都至殷并使统治稳定下来。\r\n3、商朝制造的司母戊鼎是世界上已发现的最大青铜器。（记熟书P12的司母戊鼎图）湖南宁乡出土的四羊方尊是青铜器中的精品。\r\n4、约公元前11世纪，周武王发兵灭亡了商朝建立了西周。\r\n5、西周实行分封制，春秋时期，分封制开始瓦解。战国时期，分封制逐渐被郡县制取代。秦时实行中央集权制。唐三省六部制，唐朝以中书省、门下省、尚书省为中央政府最高统治机构。元朝的中央和地方机构：中央实行一省制： 元朝废除三省，设中书省，为最高行政机构，设枢密院，为最高军事机构，同时设宣政院，统领宗教事务和管辖西藏地区；地方实行行省制：除河北、山西、山东由中书省直接管理外，地方设行中书省，简称行省。', '2', '4', '4', '1', '0', '/file/upload/document/user-upload/2019/4/document_2_20190407011609132905956.doc', '通过审核', null, '2019-04-07 01:16:09', '2019-04-07 01:33:37', null);
INSERT INTO `as_documents` VALUES ('5', '15', '2', '6', '初中生物_知识点按章节汇总_16页.doc', '第一节  生物圈\r\n一、生物圈的概念：生物圈是指地球上有生命活动的领域及其居住环境的整体，生物圈是地球上所有生物共同的一个家。\r\n二、生物圈的范围：大气圈的底部、水圈的大部、岩石圈的表面。\r\n三、生物圈为生物的生存提供了基本条件：营养物质、阳光、空气和水、适宜的温度、一定的生存空间。\r\n第二节  环境对生物的影响\r\n一、影响生物生活的环境因素分两类：1、光、温度、水、空气等非生物因素。2、生物因素。\r\n二、非生物因素对生物的影响：所有生物的生活都会受到非生物因素的影响。当环境中一个或几个因素发生急剧变化时，就会影响生物的生活，甚至导致生物死亡。\r\n三、生物因素对生物的影响：生物因素是指影响某种生物生活的其他生物。自然界中的每一种生物都受到周围很多其他生物的影响。生物与生物之间的关系有：捕食关系、竞争关系、合作关系等。\r\n四、探究实验的步骤：\r\n1、提出问题2、作出假设3、制定计划4、实施计划5、得出结论6、表达和交流\r\n五、探究光对鼠妇生活的影响的实验方法是：对照实验。\r\n在研究一种条件对研究对象的影响时，所进行的除了这种条件不同以外，其他条件都相同的实验叫做对照实验。\r\n第三节      生物对环境的适应和影响\r\n一、生物对环境的适应。\r\n每一种生物都具有与其生活环境相适应的形态结构和生活方式。生物的适应性是普遍存在的。\r\n二、生物对环境的影响。如：蚯蚓松土。沙地植物防风固沙等。\r\n三、在自然环境中，各种因素（包括生物因素和非生物因素）影响着生物的生存，生物在生存和发展中不断地适应环境和影响环境。在生物与环境相互作用的漫长过程中，环境在不断改变;生物也在不断进化，适应环境。生物和环境的相互作用造就了今天欣欣向荣的生物圈。', '2', '4', '7', '5', '0', '/file/upload/document/user-upload/2019/4/document_2_201904070117027088315.doc', '资料不合规', null, '2019-04-07 01:17:02', '2019-04-07 01:34:05', null);
INSERT INTO `as_documents` VALUES ('6', '2', '2', '0', '初中数学_常用公式性质_5页.doc', '初中数学常用公式、性质归纳，如：当△＞0时，方程有两个不相等的实数根；\r\n当△＝0时，方程有两个相等的实数根；\r\n当¬△＜0时，方程没有实数根．注意：当△≥0时，方程有实数根。\r\n②若方程有两个实数根x1和x2，则二次三项式ax2＋bx＋c可分解为a(x－x1)(x－x2)。\r\n③以a和b为根的一¬元二次方程是¬x2－(a＋b)x＋ab＝0。', '2', '4', '2', '1', '0', '/file/upload/document/user-upload/2019/4/document_2_20190407011925607651901.doc', '审核通过', null, '2019-04-07 01:19:25', '2019-04-07 01:32:12', null);
INSERT INTO `as_documents` VALUES ('7', '1', '2', '50', '初中数学_知识点按章节汇总_12页.doc', '五、实数的运算\r\n1、加法：（1）同号两数相加，取原来的符号，并把它们的绝对值相加；\r\n（2）异号两数相加,取绝对值大的加数的符号,用较大的绝对值减去较小的绝对值.可用加法交换律、结合律\r\n2、减法：减去一个数等于加上这个数的相反数。\r\n3、乘法：（1）两数相乘，同号取正，异号取负，并把绝对值相乘。\r\n（2）n个实数相乘，有一个因数为0，积就为0；若n个非0的实数相乘，积的符号由负因数的个数决定，当负因数有偶数个时，积为正；当负因数为奇数个时，积为负。\r\n（3）乘法可使用乘法交换律、乘法结合律、乘法分配律。\r\n4、除法：（1）两数相除，同号得正，异号得负，并把绝对值相除。\r\n（2）除以一个数等于乘以这个数的倒数。\r\n（3）0除以任何数都等于0，0不能做被除数。\r\n5、乘方与开方：乘方与开方互为逆运算。\r\n6、实数的运算顺序：乘方、开方为三级运算，乘、除为二级运算，加、减是一级运算，如果没有括号，在同一级运算中要从左到右依次运算，不同级的运算，先算高级的运算再算低级的运算，有括号的先算括号里的运算。无论何种运算，都要注意先定符号后运算。', '2', '2', '2', '1', '0', '/file/upload/document/user-upload/2019/4/document_2_20190407012029655195222.doc', '审核通过', null, '2019-04-07 01:20:29', '2019-04-07 01:32:12', null);
INSERT INTO `as_documents` VALUES ('8', '75', '2', '15', '初中物理_知识点按章节汇总(人教版)_21页.doc', '二、我们怎样听到声音\r\n1、声音在耳朵里的传播途径: 外界传来的声音引起鼓膜振动，这种振动经听小骨及其他组织传给听觉神经，听觉神经把信号传给大脑，人就听到了声音.\r\n2、耳聋:分为神经性耳聋和传导性耳聋.\r\n3、骨传导:声音的传导不仅仅可以用耳朵，还可以经头骨、颌骨传到听觉神经，引起听觉。这种声音的传导方式叫做骨传导。一些失去听力的人可以用这种方法听到声音。\r\n4、双耳效应:人有两只耳朵，而不是一只。声源到两只耳朵的距离一般不同，声音传到两只耳朵的时刻、强弱及其他特征也就不同。这些差异就是判断声源方向的重要基础。这就是双耳效应.\r\n三、乐音及三个特征\r\n1、乐音是物体做规则振动时发出的声音。\r\n2、音调：人感觉到的声音的高低。用硬纸片在梳子齿上快划和慢划时可以发现：划的快音调高，用同样大的力拨动粗细不同的橡皮筋时可以发现：橡皮筋振动快发声音\r\n调高。综合两个实验现象你得到的共同结论是：音调跟发声体振动频率有关系，频率越高音调越高；频率越低音调越低。物体在1s振动的次数叫频率，物体振动越快 频率越高。频率单位次/秒又记作Hz 。\r\n练习：解释蜜蜂飞行能凭听觉发现，为什么蝴蝶飞行听不见？蜜蜂翅膀振动发声频率在人耳听觉范围内，蝴蝶振动频率不在听觉范围内。\r\n3、响度：人耳感受到的声音的大小。响度跟发生体的振幅和距发声距离的远近有关。物体在振动时，偏离原来位置的最大距离叫振幅。振幅越大响度越大。增大响度的主要方法是：减小声音的发散。\r\n练习：☆男低音歌手放声歌唱，女高音为他轻声伴唱：女高音音调高响度小，男低音音调低响度大。\r\n☆敲鼓时，撒在鼓面上的纸屑会跳动，且鼓声越响跳动越高；将发声的音叉接触水面，能溅起水花，且音叉声音越响溅起水花越大；扬声器发声时纸盆会振动，且声音响振动越大。根据上述现象可归纳出：⑴ 声音是由物体的振动产生的 ⑵ 声音的大小跟发声体的振幅有关。\r\n4、音色：由物体本身决定。人们根据音色能够辨别乐器或区分人。\r\n5、区分乐音三要素：闻声知人——依据不同人的音色来判定；高声大叫——指响度；高音歌唱家——指音调。', '2', '3', '8', '1', '0', '/file/upload/document/user-upload/2019/4/document_2_2019040701221606277900.doc', '审核通过', null, '2019-04-07 01:22:16', '2019-04-07 01:32:12', null);
INSERT INTO `as_documents` VALUES ('9', '5', '2', '30', '初中物理_知识点按章节汇总(苏教版)_15页.doc', '第一章．声现象知识\r\n1 . 声音的发生：由物体的振动而产生。振动停止，发声也停止。 \r\n2．声音的传播：声音靠介质传播。真空不能传声。通常我们听到的声音是靠空气传 来的。\r\n3．声速：在空气中传播速度是：340 米/秒。声音在固体传播比液体快，而在液体传 播又比空气体快。 \r\n4．利用回声可测距离：S=vt/2 \r\n5．乐音的三个特征：音调、响度、音色。(1)音调:是指声音的高低，它与发声体的频 率有关系。(2)响度:是指声音的大小，跟发声体的振幅、声源与听者的距离有关系。 \r\n6．减弱噪声的途径：(1)在声源处减弱；(2)在传播过程中减弱；(3)在人耳处减弱。 \r\n7． 可听声： 频率在 20Hz～20000Hz 之间的声波： 超声波： 频率高于 20000Hz 的声波； 次声波：频率低于 20Hz 的声波。 \r\n8． 超声波特点：方向性好、穿透能力强、声能较集中。具体应用有：声呐、B 超、 超声波速度测定器、超声波清洗器、超声波焊接器等。 \r\n9．次声波的特点：可以传播很远，很容易绕过障碍物，而且无孔不入。一定强度的 次声波对人体会造成危害，甚至毁坏机械建筑等。它主要产生于自然界中的火山爆发、海啸 地震等， 另外人类制造的火箭发射、 飞机飞行、 火车汽车的奔驰、 核爆炸等也能产生次声波。', '2', '4', '8', '1', '0', '/file/upload/document/user-upload/2019/4/document_2_2019040701230862832465.doc', '审核通过', null, '2019-04-07 01:23:08', '2019-04-07 01:32:12', null);
INSERT INTO `as_documents` VALUES ('10', '1', '2', '10', '英语_必背单词2182个_12页.doc', '初中英语词汇表\r\n注：n 名词   v 动词       adj形容词\r\nadv 副词       prep介词  conj连词\r\nphr.短语      num数词\r\n第一册 1----833\r\n11   row  n (一)排,(一)行\r\n26   grade  n 年级\r\n33   plus  prep 加,加上\r\n41   thirteen  num 十三\r\n42   fourteen  num 十四\r\n43   fifteen  num 十五\r\n49   secret  n 秘密\r\n62   sharpener  n 卷笔刀\r\n63   eraser  n 橡皮擦\r\n66   map  n 地图\r\n126  parrot  n 鹦鹉\r\n141  tree  n 树\r\n163  duty  n 职责,责任\r\n164  on duty  phr. 值日\r\n174  look the same  phr. 看起来很像\r\n183  look after  phr. 照顾,照看\r\n196  classmate  n 同班同学\r\n221  forgot  v (forget的过去时)忘记\r\n247  seat  n 座位\r\n248  have a seat   坐下,就坐\r\n254  guess  v 猜\r\n257  ball  n 球\r\n274  broom  n 扫帚\r\n275  window  n 窗\r\n276  raincoat  n 雨衣\r\n280  Hong Kong  n 香港\r\n281  Macao  n 澳门\r\n282  SAR  n 特别行政区\r\n286  many  adj 许多的,多的\r\n295  Let me see.   让我想想\r\n296  fifty  num 五十\r\n301  playhouse  n 儿童游戏房\r\n306  great  adv (口语)好极了,很好\r\n309  ping-pong  n 乒乓球\r\n311  kite  n 风筝\r\n313  pioneer  n 先锋\r\n314  Young Pioneer  n 少先队员\r\n321  count  v 数,点数\r\n326  animal  n 动物', '3', '2', '3', '1', '0', '/file/upload/document/user-upload/2019/4/document_3_20190407012419471917518.doc', '审核通过', null, '2019-04-07 01:24:19', '2019-04-07 01:34:36', null);
INSERT INTO `as_documents` VALUES ('11', '1', '2', '0', '初中英语_语法知识总结_33页.doc', '　A． 形容词\r\n　　1、 形容词的用法\r\n\r\n　　形容词是用来修饰、描绘名词的，通常在句中作定语、表语或宾补，有时还可作状语。如：\r\n　　He is honest and hardworking.\r\n　　I found the book interesting.\r\n\r\n　　某些形容词与定冠词连用表示一类人作主语时，谓语通常用复数形式。如：\r\n　　The rich and the poor live in different parts of the city.\r\n　　The English like to be with their families.\r\n\r\n　　多个形容词作定语修饰名词的顺序：\r\n　　冠词+序数词+基数词+性质状态（描述性）+形状大小+新旧老少+颜色+国籍+材料+名词。如：\r\n　　the second five interesting big new red Chinese wall papers.', '3', '3', '3', '1', '0', '/file/upload/document/user-upload/2019/4/document_3_2019040701252198956800.doc', '审核通过', null, '2019-04-07 01:25:22', '2019-04-07 01:33:27', null);
INSERT INTO `as_documents` VALUES ('12', '45', '2', '25', '初中语文_文学名著重要考点_25页.doc', '中考名著重要考点：\r\n\r\n“大纲”强调初中生“要养成读书看报的习惯”。 每学年阅读两三部名著，并有相应的读书笔记。“新课标”要求学生课外阅读总量达到260万字以上，阅读材料包括适合学生阅读的各种图书和报刊。为了强化名著阅读，各地市已将名著阅读列入中考考查的范围，因此指导学生正确复习“名著阅读”已势在必行。', '3', '4', '1', '1', '0', '/file/upload/document/user-upload/2019/4/document_3_20190407012722669194991.doc', '审核通过', null, '2019-04-07 01:27:22', '2019-04-07 01:32:12', null);
INSERT INTO `as_documents` VALUES ('13', '1', '2', '4', '初中语文_知识点总结_26页.doc', '常见病句类型\r\n病句是指不符合语言规范的句子。辨析病句，是考查对病句的识别与分析，有了这种能力才可能对病句进行修改。\"正确使用词语\"一条已有涉及；《考试说明》中列出的六种病句类型大致有如下情形： \r\n1 语序不当\r\n（1） 名词修饰语\r\n多项定语与中心语的正确次序一般是：①表领属性的或时间、处所的；②指称或数量的短语；③动词或动词短语；④形容词或形容词短语⑤名词或名词短语。另外，带\"的\"的定语放在不带\"的\"的定语前。\r\n例如：一位优秀的有20多年教学经验的一位国家队的篮球女教练。\r\n正确次序：国家队的（领属性的）一位（数量）有20多年教学经验的（动词短语）优秀的（形容）篮球（名词）女教练。\r\n下面是多项定语次序不当的例子：\r\n① 许多附近的妇女、老人和孩子都跑来看他们。（表数量的\"许多\"应紧靠中心短语）\r\n② 在新中国的建设事业上，发挥着他们无穷的蕴藏着的力量。（表性质的\"无穷的\"应紧靠中心词）', '2', '4', '1', '1', '0', '/file/upload/document/user-upload/2019/4/document_2_20190407012827609522553.doc', '审核通过', null, '2019-04-07 01:28:27', '2019-04-07 01:32:12', null);
INSERT INTO `as_documents` VALUES ('14', '86', '2', '45', '初中政治_知识点总结_24页.doc', '一、坚持党的基本路线不动摇\r\n（一）党的地位\r\n1、党的地位：党是领导中国特色社会主义的核心力量，是现代化建设顺利进行的根本保证。\r\n2、为什么中国共产党成为中国特色社会主义的领导核心？源于她的先进性（表现）\r\n这是因为（1）三个代表：党始终代表中国先进生产力的发展要求，代表中国先进文化的前进方向，代表中国最广大人民的根本利益。（2）党的奋斗目标：是谋求民族的独立和复兴、国家的繁荣和富强、人民的解放和幸福（3）党的性质：是中国工人阶级的先锋队，同时是中国人民和中华民族的先锋队。\r\n（二）基本路线\r\n3.党在社会主义初级阶段的基本路线：领导和团结全国各族人民，以经济建设为中心，坚持四项基本原则，坚持改革开放，自力更生，艰苦创业，为把我国成为富强、民主、文明、和谐的社会主义现代化国家而奋斗。\r\n 4.党的基本路线的核心内容是一个中心，两个基本点。', '2', '4', '6', '1', '0', '/file/upload/document/user-upload/2019/4/document_2_20190407012932391321586.doc', '审核通过', null, '2019-04-07 01:29:32', '2019-04-07 01:33:29', null);
INSERT INTO `as_documents` VALUES ('15', '1', '2', '2', '初中政治_知识点总结_32页.doc', '初中政治综合知识点归纳\r\n1.我国社会主义公有制(经济)的主要内容：全民所有制(国有经济)、集体所有制(集体经济)和混合所有制(混合经济)中的国有成分和集体成分\r\n2.我国现阶段基本经济制度的主要内容：公有制经济[全民所有制(国有经济)、集体所有制(集体经济)和混合所有制(混合经济)中的国有成分和集体成分]和非公有制(个体经济、私营经济和外资经济)\r\n3.经济活动的参与者：生产者、销售者和消费者\r\n4.社会主义精神文明建设(文化建设)的主要内容：思想道德建设和教育科学文化建设\r\n其中，社会主义精神文明建设(文化建设)的核心内容：思想道德建设\r\n5.社会主义精神文明建设(文化建设)措施的内容：保障性措施和促进性措施\r\n6.我国宪法的主要内容：规定国家和社会生活中各方面的最重要、最根本的问题。包括国家的根本制度、根本任务、公民的基本权利和义务、国家机构及其组织与活动原则以及国家的标志等\r\n7.公民人身权利的内容：生命健康权、肖像权、名誉权、荣誉权、姓名权、隐私权等\r\n8.公民人身自由权利受法律保护的内容：公民不受非法逮捕和拘禁;公民的身体不受非法搜查;公民的人格尊严不受侵犯;公民的住宅不受侵犯;公民的通信自由和通信秘密受法律保护\r\n9.消费者依法享有合法权益的内容：消费者享有人身、财产安全不受损害和要求赔偿的权利;消费者有权知悉商品和服务的真实情况，有权自主选择商品和服务;消费者公平交易的权利，享有人格尊严、民族风俗习惯得到尊重的权利\r\n10.劳动者依法享有的合法权利的主要内容：享有平等就业的权利;享有与用人单位平等协商签订劳动合同的权利;享有获得劳动报酬的权利;享有休息和休假的权利(每天工作不超过8小时，平均每周工作时间不超过40小时的工作制度)', '2', '2', '6', '1', '0', '/file/upload/document/user-upload/2019/4/document_2_20190407013048897177098.doc', '审核通过', null, '2019-04-07 01:30:48', '2019-04-07 01:33:46', null);

-- ----------------------------
-- Table structure for as_document_comments
-- ----------------------------
DROP TABLE IF EXISTS `as_document_comments`;
CREATE TABLE `as_document_comments` (
  `id` int(11) NOT NULL AUTO_INCREMENT COMMENT '主键',
  `user_id` int(11) NOT NULL COMMENT '评论用户',
  `document_id` int(11) NOT NULL COMMENT '资料id',
  `score` float(4,2) DEFAULT NULL COMMENT '评分',
  `comment_content` text COMMENT '评论内容',
  `create_time` datetime DEFAULT CURRENT_TIMESTAMP COMMENT '创建时间',
  `delete_time` datetime DEFAULT NULL COMMENT '删除时间',
  `update_time` datetime DEFAULT CURRENT_TIMESTAMP ON UPDATE CURRENT_TIMESTAMP COMMENT '修改时间',
  PRIMARY KEY (`id`),
  KEY `FK_Reference_12` (`document_id`),
  KEY `FK_Reference_13` (`user_id`),
  CONSTRAINT `FK_Reference_12` FOREIGN KEY (`document_id`) REFERENCES `as_documents` (`id`),
  CONSTRAINT `FK_Reference_13` FOREIGN KEY (`user_id`) REFERENCES `as_user` (`id`)
) ENGINE=InnoDB DEFAULT CHARSET=utf8 COMMENT='资料评论表';

-- ----------------------------
-- Records of as_document_comments
-- ----------------------------

-- ----------------------------
-- Table structure for as_exchange
-- ----------------------------
DROP TABLE IF EXISTS `as_exchange`;
CREATE TABLE `as_exchange` (
  `id` int(11) NOT NULL AUTO_INCREMENT COMMENT '主键',
  `user_id` int(11) NOT NULL COMMENT '兑换用户',
  `gift_id` int(11) NOT NULL COMMENT '兑换物品',
  `user_name` varchar(20) NOT NULL COMMENT '收货人姓名',
  `user_phone` varchar(11) NOT NULL COMMENT '收货人电话',
  `address_province` varchar(20) NOT NULL COMMENT '收货省份',
  `address_city` varchar(20) NOT NULL COMMENT '收货市名',
  `address_district` varchar(20) NOT NULL COMMENT '收货区名',
  `address_detial` varchar(100) NOT NULL COMMENT '收货详细地址',
  `track_number` varchar(50) DEFAULT NULL COMMENT '快递单号',
  `create_time` datetime DEFAULT CURRENT_TIMESTAMP COMMENT '创建时间',
  `update_time` datetime DEFAULT CURRENT_TIMESTAMP ON UPDATE CURRENT_TIMESTAMP COMMENT '修改时间',
  `delete_time` datetime DEFAULT NULL COMMENT '删除时间',
  PRIMARY KEY (`id`),
  KEY `FK_Reference_3` (`user_id`),
  KEY `FK_Reference_4` (`gift_id`),
  CONSTRAINT `FK_Reference_3` FOREIGN KEY (`user_id`) REFERENCES `as_user` (`id`),
  CONSTRAINT `FK_Reference_4` FOREIGN KEY (`gift_id`) REFERENCES `as_gift` (`id`)
) ENGINE=InnoDB DEFAULT CHARSET=utf8 COMMENT='积分兑换订单表';

-- ----------------------------
-- Records of as_exchange
-- ----------------------------

-- ----------------------------
-- Table structure for as_feedback
-- ----------------------------
DROP TABLE IF EXISTS `as_feedback`;
CREATE TABLE `as_feedback` (
  `id` int(11) NOT NULL AUTO_INCREMENT COMMENT '主键',
  `user_id` int(11) NOT NULL COMMENT '反馈用户',
  `question_summary` text COMMENT '问题描述',
  `admin_id` int(11) DEFAULT NULL COMMENT '处理人员',
  `question_photos` text COMMENT '反馈图片',
  `question_type` varchar(50) NOT NULL COMMENT '反馈类型',
  `question_state` varchar(50) CHARACTER SET utf8 COLLATE utf8_general_ci DEFAULT NULL COMMENT '处理结果',
  `create_time` datetime DEFAULT CURRENT_TIMESTAMP COMMENT '创建时间',
  `update_time` datetime DEFAULT CURRENT_TIMESTAMP ON UPDATE CURRENT_TIMESTAMP COMMENT '修改时间',
  `delete_time` datetime DEFAULT NULL COMMENT '删除时间',
  PRIMARY KEY (`id`),
  KEY `FK_Reference_15` (`user_id`),
  KEY `FK_Reference_16` (`admin_id`),
  CONSTRAINT `FK_Reference_15` FOREIGN KEY (`user_id`) REFERENCES `as_user` (`id`),
  CONSTRAINT `FK_Reference_16` FOREIGN KEY (`admin_id`) REFERENCES `as_admin` (`id`)
) ENGINE=InnoDB AUTO_INCREMENT=3 DEFAULT CHARSET=utf8 COMMENT='反馈表';

-- ----------------------------
-- Records of as_feedback
-- ----------------------------
INSERT INTO `as_feedback` VALUES ('1', '1', '希望平台多推出一些活动', null, null, '平台建设', null, '2019-04-07 01:42:00', '2019-04-07 01:42:00', null);
INSERT INTO `as_feedback` VALUES ('2', '1', '没有数据的时候，底部导航栏也太难看了吧，不能固定在底部吗', null, '/file/upload/images/feedback/2019/4/feedback_20190407015149902146897.jpg,/file/upload/images/feedback/2019/4/feedback_20190407015149902334159.jpg', '其他建议', null, '2019-04-07 01:51:49', '2019-04-07 01:51:49', null);

-- ----------------------------
-- Table structure for as_gift
-- ----------------------------
DROP TABLE IF EXISTS `as_gift`;
CREATE TABLE `as_gift` (
  `id` int(11) NOT NULL AUTO_INCREMENT COMMENT '主键',
  `gift_name` varchar(80) NOT NULL COMMENT '物品名称',
  `quantity` int(11) NOT NULL COMMENT '物品数量',
  `integral` int(11) NOT NULL COMMENT '所需积分',
  `photos` text COMMENT '图片描述',
  `summary` text COMMENT '物品简介',
  `create_time` datetime DEFAULT CURRENT_TIMESTAMP COMMENT '创建时间',
  `update_time` datetime DEFAULT CURRENT_TIMESTAMP ON UPDATE CURRENT_TIMESTAMP COMMENT '修改时间',
  `delete_time` datetime DEFAULT NULL COMMENT '删除时间',
  PRIMARY KEY (`id`)
) ENGINE=InnoDB AUTO_INCREMENT=10 DEFAULT CHARSET=utf8 COMMENT='实物礼品表';

-- ----------------------------
-- Records of as_gift
-- ----------------------------
INSERT INTO `as_gift` VALUES ('1', '金士顿Kingston 32GB USB3.0 U盘', '500', '15000', '/file/upload/system/gift/2019/4/gift_20190407020221576270097.jpg', '金士顿Kingston 32GB USB3.0 U盘 DTSE9G2 银色 金属外壳 高速读写\r\n品牌\r\n金士顿 Kingston\r\n系列\r\nDataTraveler SE9 G2 3.0\r\n型号\r\nDTSE9G2/32GB\r\n颜色\r\n银色\r\n外壳材质\r\n金属\r\n容量\r\n32G\r\n接口类型\r\nUSB3.0\r\n指示灯\r\n无\r\n尺寸（mm）\r\n45mm x 12.2mm x 4.6mm\r\n重量（g）\r\n约16g\r\n钥匙孔\r\n有', '2019-04-07 02:02:21', '2019-04-07 02:02:21', null);
INSERT INTO `as_gift` VALUES ('2', '索爱（soaiy） S-35 蓝牙音箱 无线电脑低音炮音响', '152', '13000', '/file/upload/system/gift/2019/4/gift_2019040702082312871360.jpg', '商品名称：索爱S-35商品编号：1040222商品毛重：245.00g商品产地：中国大陆材质：塑料功能：通话显示屏：无声道：其他连接方式：蓝牙分类：蓝牙音箱供电方式：内置电池适用场景：卧室', '2019-04-07 02:08:23', '2019-04-07 02:08:23', null);
INSERT INTO `as_gift` VALUES ('3', '太阳镜男款高清偏光', '200', '20000', '/file/upload/system/gift/2019/4/gift_20190407021058715929316.jpg', '商品名称：暴龍經典 太阳镜男款高清偏光开车司机驾驶墨镜男士防紫外线潮人运动眼睛眼镜圆脸大框蛤蟆镜男官方旗舰店 8722黑框银梁商品编号：41902840721店铺： 零梦服装专营店商品毛重：300.00g商品产地：中国大陆货号：8738风格：休闲，简约百搭是否可调节：镜架松紧眼镜配件类型：镜布，镜盒适合脸型：通用镜框形状：其他镜片材质：树脂镜架材质：合金金属是否商场同款：否功能：防眩光，防强光，防紫外线，偏光分类：偏光太阳镜，司机镜，夹片/挂', '2019-04-07 02:10:59', '2019-04-07 02:10:59', null);
INSERT INTO `as_gift` VALUES ('4', 'JOBON中邦钥匙扣圈汽车钥匙扣链子母圈拉簧腰挂式', '1200', '500', '/file/upload/system/gift/2019/4/gift_20190407021230109159877.jpg', '商品名称：JOBON钥匙扣商品编号：1761899商品毛重：90.00g商品产地：中国浙江材质：锌合金类型：饰物分类：钥匙扣/包功能：旋转适用人群：送朋友适用场景：商务', '2019-04-07 02:12:30', '2019-04-07 02:12:30', null);
INSERT INTO `as_gift` VALUES ('5', '青苹果玻璃水杯茶杯EZ2233单层带把', '652', '300', '/file/upload/system/gift/2019/4/gift_20190407021430365202028.jpg', '商品名称：青苹果海特玻璃热饮杯茶杯商品编号：999324商品毛重：0.57kg商品产地：安徽省滁州市材质：普通玻璃容量：301-400ml形状：圆形分类：玻璃杯花色：无色透明', '2019-04-07 02:14:30', '2019-04-07 02:14:30', null);
INSERT INTO `as_gift` VALUES ('6', '恩科（ENKOR）EW10 无线蓝牙耳机', '365', '28000', '/file/upload/system/gift/2019/4/gift_20190407021806643709973.jpg', '商品名称：ENKOREW10商品编号：100001053174商品毛重：165.00g商品产地：中国大陆货号：EW10耳机配件：线材用途：手机耳机连接类型：蓝牙，真无线热词：IOS耳机适用音乐类型：流行/摇滚/电音佩戴方式：入耳式', '2019-04-07 02:18:06', '2019-04-07 02:18:06', null);
INSERT INTO `as_gift` VALUES ('7', '罗马仕LT20移动电源20000毫安大容量充电宝', '521', '20000', '/file/upload/system/gift/2019/4/gift_20190407022211956695657.jpg', '商品名称：罗马仕（ROMOSS）LT20商品编号：27305099378店铺： 罗马仕数码配件旗舰店商品毛重：472.00g商品产地：中国大陆货号：LT20外壳材质：塑料功能：电量数字显示，多U口输出，苹果输入，TYPE-C输入容量：20000mAh-24999mAh电芯类型：锂聚合物电池', '2019-04-07 02:22:11', '2019-04-07 02:22:11', null);
INSERT INTO `as_gift` VALUES ('8', '现代简约五金铁艺金色玻璃白色圆球台灯', '368', '19500', '/file/upload/system/gift/2019/4/gift_20190407022413527170036.jpg', '商品名称：【京东严选】现代简约五金铁艺金色玻璃白色圆球台灯书房样板房卧室床头小台灯 图片色商品编号：43899405890店铺： 洛铠家居专营店商品毛重：300.00g商品产地：中国大陆货号：553911538648材质：玻璃开关类型：其它功率：12-20W（含）光源类型：其它　类别：其它适用场景：其它电压：110V色温：其它', '2019-04-07 02:24:13', '2019-04-07 02:24:13', null);
INSERT INTO `as_gift` VALUES ('9', '小台灯护眼灯led充电式学生宿舍卧室', '700', '5000', '/file/upload/system/gift/2019/4/gift_20190407022625586428580.jpg', '商品名称：泰格信 小台灯护眼灯led充电式学生宿舍卧室床头儿童写字阅读书桌创意灯 笔筒款 三档调光 小夜灯商品编号：31108327459店铺： 建永灯具专营店商品毛重：300.00g商品产地：中国大陆货号：TGX-7007材质：PVC开关类型：触摸开关功率：3-8W（含）光源类型：LED类别：创意台灯适用场景：客厅，卧室，书房，办公室，宿舍，宝宝房，其它电压：其它色温：自然光（3300K-5000K）', '2019-04-07 02:26:25', '2019-04-07 02:26:25', null);

-- ----------------------------
-- Table structure for as_grade
-- ----------------------------
DROP TABLE IF EXISTS `as_grade`;
CREATE TABLE `as_grade` (
  `id` int(11) NOT NULL AUTO_INCREMENT,
  `grade_name` varchar(50) NOT NULL COMMENT '年级名称',
  `create_time` datetime DEFAULT CURRENT_TIMESTAMP COMMENT '创建时间',
  `update_time` datetime DEFAULT CURRENT_TIMESTAMP ON UPDATE CURRENT_TIMESTAMP COMMENT '修改时间',
  `delete_time` datetime DEFAULT NULL COMMENT '删除时间',
  PRIMARY KEY (`id`)
) ENGINE=InnoDB AUTO_INCREMENT=8 DEFAULT CHARSET=utf8 COMMENT='年级表';

-- ----------------------------
-- Records of as_grade
-- ----------------------------
INSERT INTO `as_grade` VALUES ('1', '小学', '2019-03-03 01:11:30', '2019-03-03 01:11:30', null);
INSERT INTO `as_grade` VALUES ('2', '初一', '2019-03-03 01:11:30', '2019-03-03 01:11:30', null);
INSERT INTO `as_grade` VALUES ('3', '初二', '2019-03-03 01:11:30', '2019-03-03 01:11:30', null);
INSERT INTO `as_grade` VALUES ('4', '初三', '2019-03-03 01:11:30', '2019-03-03 01:11:30', null);
INSERT INTO `as_grade` VALUES ('5', '高一', '2019-03-03 01:11:30', '2019-03-03 01:11:30', null);
INSERT INTO `as_grade` VALUES ('6', '高二', '2019-03-03 01:11:30', '2019-03-03 01:11:30', null);
INSERT INTO `as_grade` VALUES ('7', '高三', '2019-03-03 01:11:30', '2019-03-03 01:11:30', null);

-- ----------------------------
-- Table structure for as_questions
-- ----------------------------
DROP TABLE IF EXISTS `as_questions`;
CREATE TABLE `as_questions` (
  `id` int(11) NOT NULL AUTO_INCREMENT COMMENT '主键',
  `user_id` int(11) NOT NULL COMMENT '提问用户',
  `invita_id` int(11) DEFAULT NULL COMMENT '邀约答题人',
  `question_summary` text COMMENT '题目描述',
  `question_photos` text COMMENT '题目图片',
  `integral` int(11) NOT NULL DEFAULT '0' COMMENT '悬赏积分',
  `solve_state` int(11) NOT NULL DEFAULT '0' COMMENT '解决状态：0未解决，解决后为采纳的answer_id',
  `question_state` tinyint(2) NOT NULL DEFAULT '1' COMMENT '问题状态，关闭后不通知提问者，默认1打开',
  `subject_id` int(11) NOT NULL COMMENT '学科id',
  `grade_id` int(11) NOT NULL COMMENT '年级id',
  `create_time` datetime DEFAULT CURRENT_TIMESTAMP COMMENT '创建时间',
  `update_time` datetime DEFAULT CURRENT_TIMESTAMP COMMENT '修改时间',
  `delete_time` datetime DEFAULT NULL COMMENT '删除时间',
  PRIMARY KEY (`id`),
  KEY `FK_Reference_17` (`invita_id`),
  KEY `FK_Reference_7` (`user_id`),
  KEY `FK_Reference_8` (`grade_id`),
  KEY `FK_Reference_9` (`subject_id`),
  FULLTEXT KEY `fulltxt_question_summary` (`question_summary`),
  CONSTRAINT `FK_Reference_17` FOREIGN KEY (`invita_id`) REFERENCES `as_user` (`id`),
  CONSTRAINT `FK_Reference_7` FOREIGN KEY (`user_id`) REFERENCES `as_user` (`id`),
  CONSTRAINT `FK_Reference_8` FOREIGN KEY (`grade_id`) REFERENCES `as_grade` (`id`),
  CONSTRAINT `FK_Reference_9` FOREIGN KEY (`subject_id`) REFERENCES `as_subject` (`id`)
) ENGINE=InnoDB AUTO_INCREMENT=12 DEFAULT CHARSET=utf8 COMMENT='提问表';

-- ----------------------------
-- Records of as_questions
-- ----------------------------
INSERT INTO `as_questions` VALUES ('1', '1', '101', '（一）论述类文本阅读（本题共3小题，9分） 阅读下面的文字，完成1～3题。  所谓“被遗忘权”，即数据主体有权要求数据控制者永久删除有关数据主体的个人数据，有权被互联网遗忘，除非数据的保留有合法的理由。在大数据时代，数字化、廉价的存储器，易于提取，全球性覆盖作为数字化记忆发展的四大驱动力，改变了记忆的经济学，使得海量的数字化记忆不仅唾手可得，甚至比选择性删除所耗费的成本更低。记忆和遗忘的平衡反转，往事正像刺青一样刻在我们的数字肌肤上；遗忘变得困难，而记忆却成了常态。“被遗忘权”的出现，意在改变数据主体难以“被遗忘”的格局，赋予数据主体对信息进行自决控制的权利，并且有着更深的调节，修复大数据时代数字化记忆伦理的意义。  首先，“被遗忘权”不是消极地预御自己的隐私不受侵犯，而是主体能动地控制个人信息，并界定个人隐私的边界，进一步说，是主体争取主动建构个人数字化记忆与遗忘的权利，与纯粹的“隐私权”不同，“被遗忘权”更是一项主动性的权利，其权利主体可自主决定是否行使该项权利对网络上已经被公开的有关个人信息进行删除。是数据主体对自己的个人信息所享有的排除他人非法利用的权利。  其次，在数据快速流转且难以被遗忘的大数据时代，“被遗忘权”对调和人类记忆与遗忘的平衡具有重要的意义。如果在大数据时代不能“被遗忘”，那意味着人们容易被囚禁在数字化记忆的监狱之中，不论是个人的遗忘还是社会的遗忘，在某种程度上都是一种个人及社会修复和更新的机制，让我们能够从过去经验中吸取教训，面对现实，想象未来，而不仅仅被过去的记忆所束缚。 \n2    最后，大数据技术加速了人的主体身份的“被数据化”，人成为数据的表征，个人生活的方方面面都在以数据的形式被记忆。大数据所建构的主体身份会导致一种危险，即“我是”与“我喜欢”变成了“你是”与“你将会喜欢”；大数据的力量可以利用信息去推动、劝服、影响甚至限制我们的认同。也就是说，不是主体想把自身塑造成什么样的人，而是客观的数据来显示主体是什么样的人，技术过程和结果反而成为支配人、压抑人的力量。进一步说，数字化记忆与认同背后的核心问题在于权利不由数据主体掌控，而是数据控制者选择和建构关于我们的数字化记忆，并塑造我们的认同。这种大数据的分类系统并不是客观中立的，而是指向特定的目的。因此，适度的、合理的遗忘，是对这种数字化记忆霸权的抵抗。       （摘编自袁梦倩《“被遗忘权”之争：大数据时代的数字化记忆与隐私边界》） 1.下列关于原文内容的理解和分析，正确的一项是（3分）  A. 由于数字化记忆的发展，记忆与遗忘的平衡发生了反转，记忆变得更加容易。 B. 人的主体身份所以被数据化，是因为个人信息选择性删除所耗费的成本太高。 C. “被遗忘权”和“隐私权”的提出都是为了对抗大数据，不过前者更积极一些。 D. 我们要对抗数字化记忆霸权，就要成为数据控制者并建构他人的数字化记忆。 2.下列对原文论证的相关分析，不正确的一项是（3分）  A. 文章以数字化记忆带来的威胁为立论的事实基础，论证了人被数据控制的危险。 B. 通过讨论大数据对隐私、记忆及主体身份等的影响，文章把论证推向了深入。 C. 与重视个人隐私的写作动机有关，文章着重论证了大数据对个人权利的影响。 D. 文章通过分析数字化记忆可能带来的问题，对我们的认同问题作出了全新论证。 3.根据原文内容，下列说法不正确的一项是（3分）  A. 大数据时代的个人在网上的信息太多，如果没有主动权，就难以保护隐私。 B. 遗忘是个人和社会的一种修复和更新机制，是我们在对现实和想象未来的基础。 C. 技术有支配和压抑人的力量，这不仅影响个人隐私安全，而且影响整个社会。 D. 大数据的分类系统不是中立的，这将影响数据的客观呈现，使用时应有所辨析。', '/file/upload/images/question/2019/4/question_20190407023737126512008.jpg,/file/upload/images/question/2019/4/question_20190407023737126929569.jpg,/file/upload/images/question/2019/4/question_20190407023737126429789.jpg', '20', '0', '1', '1', '7', '2019-04-07 02:37:37', '2019-04-07 02:37:37', null);
INSERT INTO `as_questions` VALUES ('2', '86', null, '16.补写出下列句子中的空缺部分。（6分）  （1）《孟子•鱼我所欲也》中说，虽然一点食物即可关乎生死，但若“__________”。饥饿的路人也不会接受；若“___________”，即便是乞丐也会拒绝。  （2）白居易的《琵琶行》中“____________，____________”两句写昔日的琵琶女身价很高，引来了众多纨绔子弟的追捧。  （3）苏轼《赤壁赋》中描写明月初升的句子是“__________，__________”。', '/file/upload/images/question/2019/4/question_20190407023933866718101.jpg', '0', '0', '1', '1', '6', '2019-04-07 02:39:33', '2019-04-07 02:39:33', null);
INSERT INTO `as_questions` VALUES ('3', '4', '29', '22、阅读下面的材料，根据要求写作。（60分）  “二战”期间，为了加强对战机的防护，英美军方调查了作战后幸存飞机上弹痕的分布，决定哪里弹痕多就加强哪里。然而统计学家沃德力排众议，指出更应该注意弹痕少的部位，因为这些部位受到重创的战机，很难有机会返航，而这部分数据被忽略了，事实证明，沃德是正确的。  要求：综合材料内容及含意，选好角度，确定立意，明确文体，自拟标题；不要套作，不得抄袭：不少于800字。', null, '0', '0', '1', '1', '5', '2019-04-07 02:40:58', '2019-04-07 02:40:58', null);
INSERT INTO `as_questions` VALUES ('4', '15', '24', '1．下列关于人体中蛋白质功能的叙述，错误的是 A．浆细胞产生的抗体可结合相应的病毒抗原 B．肌细胞中的某些蛋白质参与肌肉收缩的过程 C．蛋白质结合Mg2+形成的血红蛋白参与O2运输 D．细胞核中某些蛋白质是染色体的重要组成成分', null, '0', '0', '1', '7', '7', '2019-04-07 02:42:11', '2019-04-07 02:42:11', null);
INSERT INTO `as_questions` VALUES ('5', '68', null, '2．下列有关物质跨膜运输的叙述，正确的是 A．巨噬细胞摄入病原体的过程属于协助扩散 B．固醇类激素进入靶细胞的过程属于主动运输 C．神经细胞受到刺激时产生的Na+内流属于被动运输 D．护肤品中的甘油进入皮肤细胞的过程属于主动运输 ', null, '0', '0', '1', '7', '6', '2019-04-07 02:42:31', '2019-04-07 02:42:31', null);
INSERT INTO `as_questions` VALUES ('6', '1', '185', '3．下列有关人体内激素的叙述，正确的是  A．运动时，肾上腺素水平升高，可使心率加快。说明激素是高能化合物 B．饥饿时，胰高血糖素水平升高，促进糖原分解，说明激素具有酶的催化活性 C．进食后，胰岛素水平升高，其既可加速糖原合成，也可作为细胞的结构组分 D．青春期，性激素水平升高，随体液到达靶细胞，与受体结合可促进机体发育 ', null, '0', '0', '1', '7', '6', '2019-04-07 02:43:14', '2019-04-07 02:43:14', null);
INSERT INTO `as_questions` VALUES ('7', '28', null, '4．有些作物的种子入库前需要经过风干处理，与风干前相比，下列说法错误的是 A．风干种子中有机物的消耗减慢 B．风干种子上微生物不易生长繁殖 C．风干种子中细胞呼吸作用的强度高 D．风干种子中结合水与自由水的比值大', null, '0', '0', '1', '7', '6', '2019-04-07 02:43:45', '2019-04-07 02:43:45', null);
INSERT INTO `as_questions` VALUES ('8', '35', null, '研究表明，氮氧化物和二氧化硫在形成雾霾时与大气中的氨有关（如下图所示）。下列叙述错误的是    A．雾和霾的分散剂相同 B．雾霾中含有硝酸铵和硫酸铵 C．NH3是形成无机颗粒物的催化剂 D．雾霾的形成与过度施用氮肥有关', '/file/upload/images/question/2019/4/question_20190407024438468104742.jpg', '0', '0', '1', '9', '7', '2019-04-07 02:44:38', '2019-04-07 02:44:38', null);
INSERT INTO `as_questions` VALUES ('9', '1', null, '9．实验室中用如图所示的装置进行甲烷与氯气在光照下反应的实验。    光照下反应一段时间后，下列装置示意图中能正确反映实验现象的是', '/file/upload/images/question/2019/4/question_20190407024541913966508.jpg', '0', '0', '1', '9', '5', '2019-04-07 02:45:41', '2019-04-07 02:45:41', null);
INSERT INTO `as_questions` VALUES ('10', '79', null, '16．2018年2月，我国500 m口径射电望远镜（天眼）发现毫秒脉冲星“J0318+0253”，其自转周期T=5.19  ms，假设星体为质量均匀分布的球体，已知万有引力常量为11 226.6710Nm/kg。以周期T稳定自转的 星体的密度最小值约为  A．9 3 510kg/m                     B．12 3 510kg/m   C．15 3 510kg/m                      D．183 510kg/m ', null, '0', '0', '1', '8', '7', '2019-04-07 02:46:22', '2019-04-07 02:46:22', null);
INSERT INTO `as_questions` VALUES ('11', '66', '8', '18．如图，在同一平面内有两根平行长导轨，导轨间存在依次相邻的矩形匀强磁场区域，区域宽度均为l,磁感应强\n度大小相等、方向交替向上向下。一边长为3 2 l的正方形金属线框在导轨上向左匀速运动，线框中感应电流i随时间t变化的正确图线可能是', '/file/upload/images/question/2019/4/question_20190407024713470291612.jpg', '0', '0', '1', '8', '6', '2019-04-07 02:47:13', '2019-04-07 02:47:13', null);

-- ----------------------------
-- Table structure for as_report
-- ----------------------------
DROP TABLE IF EXISTS `as_report`;
CREATE TABLE `as_report` (
  `id` int(11) NOT NULL AUTO_INCREMENT COMMENT '主键',
  `user_id` int(11) NOT NULL COMMENT '举报人',
  `report_type` varchar(20) NOT NULL COMMENT '举报类型，提问和解答两种类型',
  `summary` text NOT NULL COMMENT '举报描述',
  `be_id` int(11) NOT NULL COMMENT '被举报id',
  `admin_id` int(11) DEFAULT NULL COMMENT '处理人员',
  `create_time` datetime DEFAULT CURRENT_TIMESTAMP COMMENT '创建时间',
  `update_time` datetime DEFAULT CURRENT_TIMESTAMP ON UPDATE CURRENT_TIMESTAMP COMMENT '修改时间',
  `delete_time` datetime DEFAULT NULL COMMENT '删除时间',
  PRIMARY KEY (`id`),
  KEY `FK_Reference_18` (`user_id`),
  KEY `FK_Reference_19` (`admin_id`),
  CONSTRAINT `FK_Reference_18` FOREIGN KEY (`user_id`) REFERENCES `as_user` (`id`),
  CONSTRAINT `FK_Reference_19` FOREIGN KEY (`admin_id`) REFERENCES `as_admin` (`id`)
) ENGINE=InnoDB DEFAULT CHARSET=utf8 COMMENT='举报表';

-- ----------------------------
-- Records of as_report
-- ----------------------------

-- ----------------------------
-- Table structure for as_subject
-- ----------------------------
DROP TABLE IF EXISTS `as_subject`;
CREATE TABLE `as_subject` (
  `id` int(11) NOT NULL AUTO_INCREMENT COMMENT '主键',
  `subject_name` varchar(50) NOT NULL COMMENT '学科名称',
  `create_time` datetime DEFAULT CURRENT_TIMESTAMP COMMENT '创建时间',
  `update_time` datetime DEFAULT CURRENT_TIMESTAMP ON UPDATE CURRENT_TIMESTAMP COMMENT '修改时间',
  `delete_time` datetime DEFAULT NULL COMMENT '删除时间',
  PRIMARY KEY (`id`)
) ENGINE=InnoDB AUTO_INCREMENT=10 DEFAULT CHARSET=utf8 COMMENT='学科表';

-- ----------------------------
-- Records of as_subject
-- ----------------------------
INSERT INTO `as_subject` VALUES ('1', '语文', '2019-03-03 01:11:30', '2019-03-03 01:11:30', null);
INSERT INTO `as_subject` VALUES ('2', '数学', '2019-03-03 01:11:30', '2019-03-03 01:11:30', null);
INSERT INTO `as_subject` VALUES ('3', '英语', '2019-03-03 01:11:30', '2019-03-03 01:11:30', null);
INSERT INTO `as_subject` VALUES ('4', '历史', '2019-03-03 01:11:30', '2019-03-03 01:11:30', null);
INSERT INTO `as_subject` VALUES ('5', '地理', '2019-03-03 01:11:30', '2019-03-03 01:11:30', null);
INSERT INTO `as_subject` VALUES ('6', '政治', '2019-03-03 01:11:30', '2019-03-03 01:11:30', null);
INSERT INTO `as_subject` VALUES ('7', '生物', '2019-03-03 01:11:30', '2019-03-03 01:11:30', null);
INSERT INTO `as_subject` VALUES ('8', '物理', '2019-03-03 01:11:30', '2019-03-03 01:11:30', null);
INSERT INTO `as_subject` VALUES ('9', '化学', '2019-03-03 01:11:30', '2019-03-03 01:11:30', null);

-- ----------------------------
-- Table structure for as_teacher
-- ----------------------------
DROP TABLE IF EXISTS `as_teacher`;
CREATE TABLE `as_teacher` (
  `id` int(11) NOT NULL AUTO_INCREMENT COMMENT '主键',
  `auth_state` tinyint(2) NOT NULL DEFAULT '0' COMMENT '教师用户的认证状态，0待审核，1审核通过，2待修改，3审核不通过',
  `paperwork_photos` text COMMENT '认证时需要的图片',
  `subject_id` int(11) NOT NULL COMMENT '所授学科',
  `user_id` int(11) DEFAULT NULL COMMENT '用户id',
  `admin_id` int(11) DEFAULT NULL COMMENT '审核管理员',
  `reason` varchar(500) DEFAULT NULL COMMENT '未通过原因',
  `create_time` datetime DEFAULT CURRENT_TIMESTAMP COMMENT '创建时间',
  `update_time` datetime DEFAULT CURRENT_TIMESTAMP COMMENT '修改时间',
  `delete_time` datetime DEFAULT NULL COMMENT '删除时间',
  PRIMARY KEY (`id`),
  KEY `fk_user_id` (`user_id`),
  KEY `fk_admin_id` (`admin_id`),
  KEY `fk_subject_id` (`subject_id`),
  CONSTRAINT `fk_admin_id` FOREIGN KEY (`admin_id`) REFERENCES `as_admin` (`id`),
  CONSTRAINT `fk_subject_id` FOREIGN KEY (`subject_id`) REFERENCES `as_subject` (`id`),
  CONSTRAINT `fk_user_id` FOREIGN KEY (`user_id`) REFERENCES `as_user` (`id`)
) ENGINE=InnoDB AUTO_INCREMENT=2 DEFAULT CHARSET=utf8 COMMENT='教师认证表';

-- ----------------------------
-- Records of as_teacher
-- ----------------------------
INSERT INTO `as_teacher` VALUES ('1', '0', '/file/upload/images/teacher/2019/4/teacher_idcard1_2019040701401895072657.jpg,/file/upload/images/teacher/2019/4/teacher_idcard2_20190407014018984176856.jpg,/file/upload/images/teacher/2019/4/teacher_certificate_2019040701401905107565.jpg', '2', '1', null, null, '2019-04-07 01:40:19', '2019-04-07 01:40:19', null);

-- ----------------------------
-- Table structure for as_user
-- ----------------------------
DROP TABLE IF EXISTS `as_user`;
CREATE TABLE `as_user` (
  `id` int(11) NOT NULL AUTO_INCREMENT COMMENT '主键',
  `user_name` varchar(15) NOT NULL COMMENT '用户真实姓名',
  `nick_name` varchar(20) NOT NULL COMMENT '用户昵称',
  `login_state` tinyint(1) NOT NULL DEFAULT '1' COMMENT '是否允许登录，1允许，0不允许',
  `password` varchar(32) NOT NULL COMMENT '登录密码',
  `comment_state` tinyint(1) DEFAULT '1' COMMENT '评论状态，1允许，0禁止',
  `question_state` tinyint(1) DEFAULT '1' COMMENT '提问状态，1允许，0禁止',
  `answer_state` tinyint(1) DEFAULT '1' COMMENT '解答状态，1允许，0禁止',
  `user_type` tinyint(2) NOT NULL DEFAULT '1' COMMENT '用户类型，1用户、2教师',
  `sex` tinyint(2) NOT NULL COMMENT '用户性别，1：男，2：女',
  `province` varchar(15) DEFAULT NULL COMMENT '所在省',
  `city` varchar(25) DEFAULT NULL COMMENT '所在市',
  `area` varchar(50) DEFAULT NULL COMMENT '所在区',
  `email` varchar(50) NOT NULL COMMENT '用户邮箱',
  `phone` varchar(11) CHARACTER SET utf8 COLLATE utf8_general_ci NOT NULL DEFAULT '' COMMENT '电话号码',
  `user_photo` varchar(200) DEFAULT '/static/home/images/user-head/1.jpg' COMMENT '用户头像地址',
  `user_summary` text COMMENT '用户简介',
  `integral` int(11) NOT NULL DEFAULT '20' COMMENT '我的积分',
  `email_code` char(6) DEFAULT NULL COMMENT '邮箱验证码',
  `phone_verify` tinyint(1) NOT NULL DEFAULT '0' COMMENT '电话号码验证状态，1已验证，0禁止未验证',
  `email_verify` tinyint(1) NOT NULL DEFAULT '0' COMMENT '邮箱地址验证状态，1已验证，0禁止未验证',
  `login_time` datetime DEFAULT NULL COMMENT '最后登录时间',
  `create_time` datetime DEFAULT CURRENT_TIMESTAMP COMMENT '创建时间',
  `update_time` datetime DEFAULT CURRENT_TIMESTAMP ON UPDATE CURRENT_TIMESTAMP COMMENT '修改时间',
  `delete_time` datetime DEFAULT NULL COMMENT '删除时间',
  PRIMARY KEY (`id`)
) ENGINE=InnoDB AUTO_INCREMENT=223 DEFAULT CHARSET=utf8 COMMENT='用户信息表';

-- ----------------------------
-- Records of as_user
-- ----------------------------
INSERT INTO `as_user` VALUES ('1', '飞鸿', '飞飞飞鸿', '1', 'ceb06295d73ee99df5b19f3d98b1ba84', '1', '1', '1', '1', '1', '440000', '440100', '440105', 'tjpu_feihong@163.com', '15902225075', '/file/upload/images/avatar/2019/4/avatar_20190406214135124811995.jpg', 'This is my introduce...', '0', 'zAcJ', '0', '1', '2019-04-06 21:41:35', '2019-04-06 21:41:35', '2019-04-07 02:37:37', null);
INSERT INTO `as_user` VALUES ('2', '张大龙', '大龙', '1', 'ceb06295d73ee99df5b19f3d98b1ba84', '1', '1', '1', '2', '1', '120000', '120100', '120111', '1728691258@qq.com', '15875895684', '/file/upload/images/avatar/2019/4/avatar_20190406220359982997351.jpg', '我是一位高中数学老师，欢迎来提问骚扰', '20', '6DQd', '0', '1', '2019-04-06 22:04:00', '2019-04-06 22:04:00', '2019-04-06 22:06:20', null);
INSERT INTO `as_user` VALUES ('3', '刘欢', '刘欢', '1', 'ceb06295d73ee99df5b19f3d98b1ba84', '1', '1', '1', '1', '2', '320000', '320500', '320506', 'liuhuan@qqq.com', '15945678596', '/file/upload/images/avatar/2019/4/avatar_201904062212503429152.jpg', '成龙（Jackie Chan），1954年4月7日出生于香港，祖籍安徽芜湖。中国香港男演员、导演、动作指导、制作人、编剧、歌手 [1]  。\r\n1971年以武师身份进入电影圈 [2]  。1978年主演《醉拳》成名，开创功夫喜剧片 [3]  。1980年自导自演《师弟出马》破香港历史票房纪录 [4]  。1985年创作《警察故事》系列。主演《A计划》《奇迹》《飞鹰计划》《我是谁》《十二生肖》等 [5-6]  。2005年《醉拳Ⅱ》入选《时代周刊》”全球史上百部最佳电影“ [7]  。成龙是首位蝉联金马奖最佳男主角的演员，首位获金鸡奖最佳男主角的港台演员 [8-9]  。\r\n1995年凭《红番区》打入美国好莱坞，破北美外语片票房纪录 [10-11]  。1998年《尖峰时刻》奠定其在好莱坞地位 [12]  ，2001年《尖峰时刻2》创华人演员主演好莱坞电影票房纪录 [13]  ，2007年《尖峰时刻3》片酬2000万美元加全球分红 [14]  。2012年被美国《纽约时报》评为“史上20位最伟大的动作影星”第一 [15]  ，2016年获奥斯卡终身成就奖', '20', 'TfZ4', '0', '1', '2019-04-06 22:12:50', '2019-04-06 22:12:50', '2019-04-07 00:50:50', null);
INSERT INTO `as_user` VALUES ('4', '白怡伶', '白怡伶', '1', 'ceb06295d73ee99df5b19f3d98b1ba84', '1', '1', '1', '2', '2', '230000', '230400', '230407', 'baiyiling@163.com', '15945678596', '/file/upload/images/avatar/2019/4/avatar_20190406221836759766820.jpg', '白老师，某重点中学化学老师，从教5年，有丰富的教学经验，将中考化学的重点，难点融会贯通，用鲜活的教学方法为学生讲解。在化学中考上有独到的见解和复习思路，受到学生的欢迎和认可。', '20', 'UgBr', '0', '0', '2019-04-06 22:18:36', '2019-04-06 22:18:36', '2019-04-06 22:18:36', null);
INSERT INTO `as_user` VALUES ('5', '高晓玲', '高老师', '1', 'ceb06295d73ee99df5b19f3d98b1ba84', '1', '1', '1', '2', '2', '110000', '110100', '110101', 'gaoxiaoling@163.com', '15678945689', '/file/upload/images/avatar/2019/4/avatar_20190406221937855435353.jpg', '高老师 毕业于内蒙古师范大学法学系。2006年7月进入学校担任文综课程教学。2008学年起一直担任初三年级的文综教学、2010年评为智慧型教师。作为初三年级的思想品德教师，连续五届思想品德学业考试取得第一的成绩。', '20', 'aLuE', '0', '1', '2019-04-06 22:19:37', '2019-04-06 22:19:37', '2019-04-06 22:28:22', null);
INSERT INTO `as_user` VALUES ('6', '陈美诗', '陈老师', '1', 'ceb06295d73ee99df5b19f3d98b1ba84', '1', '1', '1', '2', '1', '130000', '130100', '130108', 'chenmeishi@qq.com', '15978659458', '/file/upload/images/avatar/2019/4/avatar_2019040622203581846239.jpg', '毕业于南开大学，数学功底扎实，逻辑思维清晰，对待教学工作严肃认真，对学生尽职尽责。极具亲和力，课堂生动活泼，并能寓教于乐，激发学生的学习兴趣和积极性，促使学生养成良好的学习习惯。熟悉了解学生的心理，善于发现每一位学生的优点和特点，从而帮助他们取得更大的进步。', '20', 'wB4W', '0', '0', '2019-04-06 22:20:35', '2019-04-06 22:20:35', '2019-04-06 22:20:35', null);
INSERT INTO `as_user` VALUES ('7', '张鹤伦', '赫仑老师', '1', 'ceb06295d73ee99df5b19f3d98b1ba84', '1', '1', '1', '2', '2', '310000', '310100', '310106', 'zhanghelun@163.com', '18975689579', '/file/upload/images/avatar/2019/4/avatar_20190406222200386203266.jpg', '张老师，毕业于上海师范大学外国语学院。2004年7月担任某中学英语老师，多年担任初三英语教学和班主任工作，现为中学高级教师，2008年9月评为金牌好老师、2010年9月评为先进教师，2011年4月记大功。', '20', 'fbAq', '0', '1', '2019-04-06 22:22:00', '2019-04-06 22:22:00', '2019-04-06 22:28:23', null);
INSERT INTO `as_user` VALUES ('8', '沈从飞', '小小飞', '1', 'ceb06295d73ee99df5b19f3d98b1ba84', '1', '1', '1', '2', '2', '140000', '140100', '140108', 'shencongfei@163.com', '15879658978', '/file/upload/images/avatar/2019/4/avatar_20190406222303894281773.jpg', '沈老师 毕业于师范大学汉语语言文学专业，2004年7月进入中学任教，担任初中语文教学和德育教导主任，现为中学高级教师。多次荣获优秀教师称号，2007年4月评为红旗中队优秀辅导员，2008年9月获优秀班主任铜奖，2008年10月荣获优秀班主任称号，2009年1月获第三届中学生现代文阅读大赛优秀指导奖，初中智慧型优秀教师称号，2010年5月“记大功”。', '20', 'P8bq', '0', '1', '2019-04-06 22:23:03', '2019-04-06 22:23:03', '2019-04-06 22:28:24', null);
INSERT INTO `as_user` VALUES ('9', '张青青', '张青青', '1', 'ceb06295d73ee99df5b19f3d98b1ba84', '1', '1', '1', '2', '2', '370000', '370100', '370104', 'zhangqingqing@163.com', '17689597865', '/file/upload/images/avatar/2019/4/avatar_20190406222402259985740.jpg', '张青青，现任解题无忧专职英语教师。获得英语专业八级证书，高级教师资格证书。从事英语教学工作六年，于2015年加入解题无忧学习中心从事教学工作。张老师具有丰富的教学经验以及专业的学科知识，主要负责中考及高考英语课程的讲解及研发。人生格言是：诚挚的心灵，是学生情感的钥匙， 高尚的师德，是学生心灵的明镜。', '20', 'VCY3', '0', '1', '2019-04-06 22:24:02', '2019-04-06 22:24:02', '2019-04-06 22:28:25', null);
INSERT INTO `as_user` VALUES ('10', '赵伊丽', '伊利老师', '1', 'ceb06295d73ee99df5b19f3d98b1ba84', '1', '1', '1', '2', '2', '360000', '360400', '360402', 'zhaoyili@qq.com', '15698745689', '/file/upload/images/avatar/2019/4/avatar_20190406222506942875201.jpg', '英语硕士，担任中学英语老师，从教15年，有丰富的教学经验，曾经获得教学能手的荣誉称号。所带班级的英语成绩经常会有新的突破，尤其是对于如何提高学生的英语成绩有着独到的见解及独特的方法。好学生能够更好地发挥英语专长，后进生逐渐增强学习英语的信心。', '20', 'c3tF', '0', '1', '2019-04-06 22:25:06', '2019-04-06 22:25:06', '2019-04-06 22:28:26', null);
INSERT INTO `as_user` VALUES ('11', '王曦彤', '彤彤', '1', 'ceb06295d73ee99df5b19f3d98b1ba84', '1', '1', '1', '2', '2', '110000', '110100', '110101', 'wangxitong@126.com', '18975658957', '/file/upload/images/avatar/2019/4/avatar_20190406222604562295414.jpg', '王老师担任某中学物理老师。从事教育工作15年一直担任物理教师兼班主任工作。曾获省、市教研教改先进个人，“优秀班主任”等光荣称号，多次被学校评为“优秀教师”“先进德育工作者”。撰写的经验论文多次获国家、省、市级一、二等奖。', '20', 'fFHT', '0', '1', '2019-04-06 22:26:04', '2019-04-06 22:26:04', '2019-04-06 22:28:27', null);
INSERT INTO `as_user` VALUES ('12', '刘赣州', '赣州', '1', 'ceb06295d73ee99df5b19f3d98b1ba84', '1', '1', '1', '2', '1', '360000', '360500', '360502', 'liuganzhou@163.com', '15978569586', '/file/upload/images/avatar/2019/4/avatar_2019040622271566469076.jpg', '刘老师从事教育教学工作13年，在担任语文教学和班主任工作期间，积累了丰富的教学经验 曾参加省市、全国教育教学各项比赛多次荣获“教学竞赛一等奖”、“优秀教师”、“优秀中队辅导员”、“优秀辅导教师”，辅导学生参赛成绩显著。在“麓山”温暖的怀抱里，最幸福的是赢得了家长的信任，孩子们的喜爱。', '20', 'QdxH', '0', '1', '2019-04-06 22:27:15', '2019-04-06 22:27:15', '2019-04-06 22:28:28', null);
INSERT INTO `as_user` VALUES ('13', '曹晓彤', '小童', '1', 'ceb06295d73ee99df5b19f3d98b1ba84', '1', '1', '1', '2', '2', '230000', '230400', '230402', 'caoxiaotong@777.cn', '17859865478', '/file/upload/images/avatar/2019/4/avatar_20190406222801710993234.jpg', '曹老师 2006年毕业于师范大学数学系，并获得市优秀毕业生称号。2006年6月成为中学老师，担任数学教学、年级组长。 2008年获第三届“金铭杯”智慧型教师、优秀教师“记大功”奖励。2009年获得园丁奖、全国民办教育优秀教师称号。2010年获教育系统三八红旗手。2011年评为德育标兵。', '20', 'dza3', '0', '1', '2019-04-06 22:28:01', '2019-04-06 22:28:01', '2019-04-06 22:29:02', null);
INSERT INTO `as_user` VALUES ('14', '林亞蓉', '我是亚荣', '1', 'ceb06295d73ee99df5b19f3d98b1ba84', '1', '1', '1', '1', '2', '350000', '350100', '350104', 'linyarong@aaa.cn', '17895684589', '/file/upload/images/avatar/2019/4/avatar_201904062230568804475.jpg', '文库一般指按照编辑计划，选择一定范围内已印行的或专门编写的作品成套出版的地方。也指网上的开放供网友在线分享文档的平台。', '20', 'sFWC', '0', '0', '2019-04-06 22:30:56', '2019-04-06 22:30:56', '2019-04-06 22:30:56', null);
INSERT INTO `as_user` VALUES ('15', '丹溪路', '丹丹', '1', 'ceb06295d73ee99df5b19f3d98b1ba84', '1', '1', '1', '1', '2', '210000', '210100', '210102', 'danxilu@789.cot', '18975689457', '/file/upload/images/avatar/2019/4/avatar_20190406223319898230131.jpg', '我来自郑州，我是一名信息工程大学印刷工程专业应届本科即将毕业的学员。\r\n我的性格偏于内向，为人坦率、热情、讲求原则；处事乐观、专心、细致、头脑清醒；富有责任心、乐于助人。\r\n我还是一个正直忠诚、勤奋求实的人，会不断追求人格的自我完善；明显的特点是乐观自信、温和开朗、稳重宽厚，因此，我人际关系和谐，适应环境能力较强。爱好电脑、科普知识，喜欢钻研，正因为这些增强了我的实干精神，习惯事情或问题及早解决。\r\n最大的满足感在于该做的事顺利完成，以便有精力去关注其他，也就是追求感觉上的自我良好或优越感。最大的缺点是对没有秩序感的人可能缺乏足够的耐心，也可能因为心太细，会让别人误解我的一番好意。', '20', '202L', '0', '0', '2019-04-06 22:33:19', '2019-04-06 22:33:19', '2019-04-06 22:33:19', null);
INSERT INTO `as_user` VALUES ('16', '黄天丽', '丽丽', '1', 'ceb06295d73ee99df5b19f3d98b1ba84', '1', '1', '1', '1', '2', '120000', '120100', '120104', 'huangtianli@786.comt', '17856985478', '/file/upload/images/avatar/2019/4/avatar_20190406223443738176592.jpg', '8月15日出生于湖南省张家界，毕业于中央民族大学音乐学院声乐硕士研究生，先后师从于湖南省艺术学校声乐教授梁琼老师、中央民族大学音乐学院声乐教授乌云陶丽老师和总政治部著名女高音歌唱家歌剧表演艺术家黄华丽老师，多次全国声乐比赛中斩获大奖。', '20', 'Y3Nr', '0', '0', '2019-04-06 22:34:44', '2019-04-06 22:34:44', '2019-04-06 22:34:44', null);
INSERT INTO `as_user` VALUES ('17', '元元瑶', '瑶瑶思思', '1', 'ceb06295d73ee99df5b19f3d98b1ba84', '1', '1', '1', '1', '2', '350000', '350500', '350505', 'yuanyuanyao@ttt.com', '15978658978', '/file/upload/images/avatar/2019/4/avatar_20190406224824138582381.jpg', '我是一个学弱', '20', 'vsWf', '0', '0', '2019-04-06 22:48:24', '2019-04-06 22:48:24', '2019-04-06 22:48:24', null);
INSERT INTO `as_user` VALUES ('18', '赵薇', 'weiwei', '1', 'ceb06295d73ee99df5b19f3d98b1ba84', '1', '1', '1', '1', '2', '110000', '110100', '110105', 'zhaowei@zhaowei.com', '18956784587', '/file/upload/images/avatar/2019/4/avatar_20190406224936338954203.jpg', '1976年3月12日出生于安徽省芜湖市，华语影视女演员、歌手、导演、监制，取得了北京电影学院导演系硕士的学位。1993年，完成了个人首部电影作品《画魂》，从而开启了她的演艺生涯。1995年，首次担纲女主角，并完成了个人首部电视剧作品，在都市情感轻喜剧《姐姐妹妹闯北京》中饰演了白小雪。1998年，其主演的清装宫廷剧《还珠格格》播出，创造出收视率中国第一、', '20', 'qqq7', '0', '0', '2019-04-06 22:49:36', '2019-04-06 22:49:36', '2019-04-06 22:49:36', null);
INSERT INTO `as_user` VALUES ('19', '吴建飞', '吴建飞', '1', 'ceb06295d73ee99df5b19f3d98b1ba84', '1', '1', '1', '2', '1', '520000', '520400', '520402', 'wujianfei@wujianfei.com', '18945765894', '/file/upload/images/avatar/2019/4/avatar_20190406225028503913049.jpg', '吴建飞，1983年9月27日出生于浙江台州，中国内地影视男演员、歌手，毕业于北京电影学院。\r\n2006年参加东方卫视选秀娱乐节目《加油！好男儿》的比赛，获得全国季军，从而正式进入演艺圈。此后，他演唱《脆弱》《偏偏爱上你》等歌曲，并主演《铠甲勇士》《幸福三颗星》等影视作品。2007年，他跻身福布斯名人榜前100名。2011年，他凭借其在音乐电影《他来听我的演唱会》中的表现，获得第三届澳门国际电影节最佳新人奖。2013年，在电视剧《盛夏晚晴天》中饰演莫凌天。2018年在《壮志高飞》中饰演了罗冬一角', '20', 'B6nr', '0', '0', '2019-04-06 22:50:28', '2019-04-06 22:50:28', '2019-04-06 22:50:28', null);
INSERT INTO `as_user` VALUES ('20', '许飞', '许飞', '1', 'ceb06295d73ee99df5b19f3d98b1ba84', '1', '1', '1', '2', '2', '140000', '140400', '140402', 'xufei@xufei.com', '14785236547', '/file/upload/images/avatar/2019/4/avatar_2019040622512835343056.jpg', '许飞，1985年10月21日出生于吉林省四平市，中国内地流行乐女歌手、音乐创作人，毕业于中国人民解放军艺术学院音乐系。2006年，参加湖南卫视选秀娱乐节目《超级女声》的比赛，获得全国总决赛第六名；同年9月，发行首支个人单曲《那年夏天》。2007年，发行首张个人EP《也许，飞》。2008年4月22日，发行首张个人音乐专辑《恰许同学年少》，获得音乐先锋榜“内地最受欢迎先锋女歌手”等奖；', '20', 'bfPr', '0', '0', '2019-04-06 22:51:28', '2019-04-06 22:51:28', '2019-04-06 22:51:28', null);
INSERT INTO `as_user` VALUES ('21', '韩雪', '韩学学', '1', 'ceb06295d73ee99df5b19f3d98b1ba84', '1', '1', '1', '2', '2', '410000', '410500', '410502', 'hanxue@hanxue.cn', '18947589654', '/file/upload/images/avatar/2019/4/avatar_20190406225230896226539.jpg', '韩雪，1983年1月11日出生于江苏省苏州市姑苏区，中国内地女演员、歌手、影视制作人，毕业于上海戏剧学院表演系。2000年，韩雪参加并获得香港嘉禾影视公司主办的“世纪之星”影视歌新人大赛全国金奖，随后出演其首部大荧幕作品《浪漫樱花》，同年，韩雪以文化考试第一名的成绩被上海戏剧学院表演系录取；2003年12月，因在古装武侠剧《飞刀又见飞刀》中扮演冷小星而受到关注；', '20', 'BTMF', '0', '0', '2019-04-06 22:52:30', '2019-04-06 22:52:30', '2019-04-06 22:52:30', null);
INSERT INTO `as_user` VALUES ('22', '毛方圆', '有方有圆', '1', 'ceb06295d73ee99df5b19f3d98b1ba84', '1', '1', '1', '1', '1', '330000', '330200', '330212', 'maofangyuan@mfy.com', '19875689547', '/file/upload/images/avatar/2019/4/avatar_20190406225345906502699.jpg', '毛方圆，1987年9月10日出生于浙江省宁波市象山县，中国内地男演员、歌手，毕业于杭州艺术学校。\r\n2006年，报名参加东方卫视选秀娱乐节目《加油！好男儿》杭州赛区的比赛，获得杭州赛区五强、全国20强 [1]  。2007年，加入“兄弟联”组合 [2]  ；同年，兄弟联推出首张组合音乐专辑《兄弟联》 [3]  。2008年，出演个人首部电视剧《网球王子》 [4]  。2011年，获得第18届“东方风云榜”内地新人铜奖 [5]  ；同年，推出首支个人单曲《盗梦者》 [6]  。2013年，获得”美境中国绿色盛典“最佳人物奖 [7]  。2014年，出演陈星海执导的电影《探秘者》 [8]  。2015年，主演近代情感剧《左轮手枪》 [9]  ；同年，在都市悬疑网络剧《重生之名流巨星》中饰演牧哲白 [10]  。2016年，在古装传奇剧《醉玲珑》中饰演萧续 [11]  。同年出演电视剧《制裁者联盟》，饰演花东阁。 [12]  同年在网剧《颤抖吧，阿部》中饰演朵星舰长。 [12]  2017年1月16日，其主演的贺岁喜剧电影《菜鸟囧探》全网上线播出 [13]  ；同年4月，主演都市爱情网络剧《异地恋》 [14]  。同年9月参加综艺《零点食神》。 [15]  同年10月主演《少女四大名捕之白银惨案》。 [16]  同年11月，斩获亚洲音乐盛典“年度最佳影视歌曲奖”。 [16]  2018年，出演古装科幻网剧《颤抖吧阿部之朵星风云》', '20', '9VN1', '0', '0', '2019-04-06 22:53:45', '2019-04-06 22:53:45', '2019-04-06 22:53:45', null);
INSERT INTO `as_user` VALUES ('23', '勾晨', '刘海飞了', '1', 'ceb06295d73ee99df5b19f3d98b1ba84', '0', '0', '1', '1', '2', null, null, null, '9wo731uzza3k@gmail.com', '15805233437', '/static/home/images/user-head/1.jpg', 'This is my introduce...', '50', 'ZHCW', '0', '0', '2019-04-07 00:12:23', '2019-04-07 00:12:23', '2019-04-07 00:51:05', null);
INSERT INTO `as_user` VALUES ('24', '王文森', '浅入江南', '0', 'ceb06295d73ee99df5b19f3d98b1ba84', '1', '0', '0', '1', '2', null, null, null, 'crsr4tnzb3@sohu.com', '15901526855', '/file/upload/images/avatar/2019/4/avatar_20190406214135124811995.jpg', '我是一位高中数学老师，欢迎来提问骚扰', '28234', 'Y83u', '1', '1', '2019-04-07 00:16:59', '2019-04-07 00:16:59', '2019-04-07 00:51:05', null);
INSERT INTO `as_user` VALUES ('25', '张萁', '与君花间醉酒', '1', 'ceb06295d73ee99df5b19f3d98b1ba84', '1', '0', '0', '2', '1', null, null, null, 'xusstm1ps@hotmail.com', '13708724936', '/file/upload/images/avatar/2019/4/avatar_20190406225345906502699.jpg', '成龙（Jackie Chan），1954年4月7日出生于香港，祖籍安徽芜湖。中国香港男演员、导演、动作指导、制作人、编剧、歌手 [1]  。\r\n1971年以武师身份进入电影圈 [2]  。1978年主演《醉拳》成名，开创功夫喜剧片 [3]  。1980年自导自演《师弟出马》破香港历史票房纪录 [4]  。1985年创作《警察故事》系列。主演《A计划》《奇迹》《飞鹰计划》《我是谁》《十二生肖》等 [5-6]  。2005年《醉拳Ⅱ》入选《时代周刊》”全球史上百部最佳电影“ [7]  。成龙是首位蝉联金马奖最佳男主角的演员，首位获金鸡奖最佳男主角的港台演员 [8-9]  。\r\n1995年凭《红番区》打入美国好莱坞，破北美外语片票房纪录 [10-11]  。1998年《尖峰时刻》奠定其在好莱坞地位 [12]  ，2001年《尖峰时刻2》创华人演员主演好莱坞电影票房纪录 [13]  ，2007年《尖峰时刻3》片酬2000万美元加全球分红 [14]  。2012年被美国《纽约时报》评为“史上20位最伟大的动作影星”第一 [15]  ，2016年获奥斯卡终身成就奖', '24666', 'yEHj', '1', '1', '2019-04-07 00:19:10', '2019-04-07 00:19:10', '2019-04-07 00:51:06', null);
INSERT INTO `as_user` VALUES ('26', '王子珂', '低头抚发', '0', 'ceb06295d73ee99df5b19f3d98b1ba84', '0', '0', '1', '2', '2', null, null, null, '63wfgof9xx@googlemail.com', '13802680857', '/file/upload/images/avatar/2019/4/avatar_20190406214135124811995.jpg', '白老师，某重点中学化学老师，从教5年，有丰富的教学经验，将中考化学的重点，难点融会贯通，用鲜活的教学方法为学生讲解。在化学中考上有独到的见解和复习思路，受到学生的欢迎和认可。', '12995', 'ybfS', '0', '0', '2019-04-07 00:19:10', '2019-04-07 00:19:10', '2019-04-07 00:51:06', null);
INSERT INTO `as_user` VALUES ('27', '王东', '梦寄多情', '0', 'ceb06295d73ee99df5b19f3d98b1ba84', '0', '1', '1', '2', '2', null, null, null, 'h3xbddkrc27@yeah.net', '13405735175', '/file/upload/images/avatar/2019/4/avatar_20190406220359982997351.jpg', '高老师 毕业于内蒙古师范大学法学系。2006年7月进入学校担任文综课程教学。2008学年起一直担任初三年级的文综教学、2010年评为智慧型教师。作为初三年级的思想品德教师，连续五届思想品德学业考试取得第一的成绩。', '10425', 'PLLt', '0', '0', '2019-04-07 00:19:10', '2019-04-07 00:19:10', '2019-04-07 00:51:06', null);
INSERT INTO `as_user` VALUES ('28', '吴凡', '像晚风撩人', '0', 'ceb06295d73ee99df5b19f3d98b1ba84', '1', '1', '1', '2', '2', null, null, null, 'o4du8g1tfvvq@gmail.com', '15304310918', '/file/upload/images/avatar/2019/4/avatar_201904062212503429152.jpg', '毕业于南开大学，数学功底扎实，逻辑思维清晰，对待教学工作严肃认真，对学生尽职尽责。极具亲和力，课堂生动活泼，并能寓教于乐，激发学生的学习兴趣和积极性，促使学生养成良好的学习习惯。熟悉了解学生的心理，善于发现每一位学生的优点和特点，从而帮助他们取得更大的进步。', '48442', 'mMbs', '1', '1', '2019-04-07 00:19:10', '2019-04-07 00:19:10', '2019-04-07 00:51:06', null);
INSERT INTO `as_user` VALUES ('29', '崔伟', '笑指拈花', '1', 'ceb06295d73ee99df5b19f3d98b1ba84', '1', '1', '1', '1', '1', null, null, null, '7aofo@yahoo.com.cn', '13406950527', '/file/upload/images/avatar/2019/4/avatar_20190406221836759766820.jpg', '张老师，毕业于上海师范大学外国语学院。2004年7月担任某中学英语老师，多年担任初三英语教学和班主任工作，现为中学高级教师，2008年9月评为金牌好老师、2010年9月评为先进教师，2011年4月记大功。', '44295', 'jK0t', '1', '1', '2019-04-07 00:19:10', '2019-04-07 00:19:10', '2019-04-07 00:51:06', null);
INSERT INTO `as_user` VALUES ('30', '王铭惠', '春风洒进眼中', '1', 'ceb06295d73ee99df5b19f3d98b1ba84', '1', '1', '1', '2', '1', null, null, null, '9wa5a00vc@163.com', '15504786588', '/file/upload/images/avatar/2019/4/avatar_20190406221937855435353.jpg', '沈老师 毕业于师范大学汉语语言文学专业，2004年7月进入中学任教，担任初中语文教学和德育教导主任，现为中学高级教师。多次荣获优秀教师称号，2007年4月评为红旗中队优秀辅导员，2008年9月获优秀班主任铜奖，2008年10月荣获优秀班主任称号，2009年1月获第三届中学生现代文阅读大赛优秀指导奖，初中智慧型优秀教师称号，2010年5月“记大功”。', '15531', 'bdTe', '0', '0', '2019-04-07 00:19:10', '2019-04-07 00:19:10', '2019-04-07 00:51:06', null);
INSERT INTO `as_user` VALUES ('31', '金潇', '浮光初槿花落', '1', 'ceb06295d73ee99df5b19f3d98b1ba84', '1', '0', '0', '1', '2', null, null, null, 'hj3@sina.com', '15604627375', '/file/upload/images/avatar/2019/4/avatar_2019040622203581846239.jpg', '张青青，现任解题无忧专职英语教师。获得英语专业八级证书，高级教师资格证书。从事英语教学工作六年，于2015年加入解题无忧学习中心从事教学工作。张老师具有丰富的教学经验以及专业的学科知识，主要负责中考及高考英语课程的讲解及研发。人生格言是：诚挚的心灵，是学生情感的钥匙， 高尚的师德，是学生心灵的明镜。', '12866', 'kAk3', '0', '0', '2019-04-07 00:19:10', '2019-04-07 00:19:10', '2019-04-07 00:51:06', null);
INSERT INTO `as_user` VALUES ('32', '韩王', '长期被迫结婚', '1', 'ceb06295d73ee99df5b19f3d98b1ba84', '0', '0', '1', '2', '2', null, null, null, 'adq1sc1km@yeah.net', '15004896500', '/file/upload/images/avatar/2019/4/avatar_20190406222200386203266.jpg', '英语硕士，担任中学英语老师，从教15年，有丰富的教学经验，曾经获得教学能手的荣誉称号。所带班级的英语成绩经常会有新的突破，尤其是对于如何提高学生的英语成绩有着独到的见解及独特的方法。好学生能够更好地发挥英语专长，后进生逐渐增强学习英语的信心。', '28050', 'VPWT', '1', '1', '2019-04-07 00:19:10', '2019-04-07 00:19:10', '2019-04-07 00:51:06', null);
INSERT INTO `as_user` VALUES ('33', '张士坤', '十年一品温如言', '1', 'ceb06295d73ee99df5b19f3d98b1ba84', '1', '0', '1', '1', '1', null, null, null, 'tnbjhqo0@263.net', '13602604164', '/file/upload/images/avatar/2019/4/avatar_20190406222303894281773.jpg', '王老师担任某中学物理老师。从事教育工作15年一直担任物理教师兼班主任工作。曾获省、市教研教改先进个人，“优秀班主任”等光荣称号，多次被学校评为“优秀教师”“先进德育工作者”。撰写的经验论文多次获国家、省、市级一、二等奖。', '13342', 'Jd0E', '0', '1', '2019-04-07 00:19:10', '2019-04-07 00:19:10', '2019-04-07 00:51:06', null);
INSERT INTO `as_user` VALUES ('34', '刘强', '君临天下', '0', 'ceb06295d73ee99df5b19f3d98b1ba84', '0', '1', '0', '2', '1', null, null, null, '14vxt@live.com', '13102356617', '/file/upload/images/avatar/2019/4/avatar_20190406222402259985740.jpg', '刘老师从事教育教学工作13年，在担任语文教学和班主任工作期间，积累了丰富的教学经验 曾参加省市、全国教育教学各项比赛多次荣获“教学竞赛一等奖”、“优秀教师”、“优秀中队辅导员”、“优秀辅导教师”，辅导学生参赛成绩显著。在“麓山”温暖的怀抱里，最幸福的是赢得了家长的信任，孩子们的喜爱。', '41250', 'w2Jb', '0', '1', '2019-04-07 00:19:11', '2019-04-07 00:19:11', '2019-04-07 00:51:06', null);
INSERT INTO `as_user` VALUES ('35', '王震', '公子世无双', '0', 'ceb06295d73ee99df5b19f3d98b1ba84', '0', '0', '1', '2', '1', null, null, null, 'mvpckmdka@sina.com', '13700991953', '/file/upload/images/avatar/2019/4/avatar_20190406222506942875201.jpg', '曹老师 2006年毕业于师范大学数学系，并获得市优秀毕业生称号。2006年6月成为中学老师，担任数学教学、年级组长。 2008年获第三届“金铭杯”智慧型教师、优秀教师“记大功”奖励。2009年获得园丁奖、全国民办教育优秀教师称号。2010年获教育系统三八红旗手。2011年评为德育标兵。', '27330', '666e', '0', '0', '2019-04-07 00:19:11', '2019-04-07 00:19:11', '2019-04-07 00:51:06', null);
INSERT INTO `as_user` VALUES ('36', '王源', '临风纵饮', '0', 'ceb06295d73ee99df5b19f3d98b1ba84', '0', '0', '1', '2', '1', null, null, null, 'mlm75zl@163.net', '13607955328', '/file/upload/images/avatar/2019/4/avatar_20190406222604562295414.jpg', 'This is my introduce...', '47116', '0Sna', '0', '0', '2019-04-07 00:19:11', '2019-04-07 00:19:11', '2019-04-07 00:51:13', null);
INSERT INTO `as_user` VALUES ('37', '刘欢', '素衣白纱', '1', 'ceb06295d73ee99df5b19f3d98b1ba84', '1', '1', '1', '1', '2', null, null, null, '4kx0k@qq.com', '13107617924', '/file/upload/images/avatar/2019/4/avatar_2019040622271566469076.jpg', '我是一位高中数学老师，欢迎来提问骚扰', '48263', 'u7P5', '0', '1', '2019-04-07 00:19:11', '2019-04-07 00:19:11', '2019-04-07 00:51:14', null);
INSERT INTO `as_user` VALUES ('38', '徐利萍', '明月照影归', '0', 'ceb06295d73ee99df5b19f3d98b1ba84', '1', '0', '1', '2', '2', null, null, null, 'n1whc0n@263.net', '15206412289', '/file/upload/images/avatar/2019/4/avatar_20190406222801710993234.jpg', '成龙（Jackie Chan），1954年4月7日出生于香港，祖籍安徽芜湖。中国香港男演员、导演、动作指导、制作人、编剧、歌手 [1]  。\r\n1971年以武师身份进入电影圈 [2]  。1978年主演《醉拳》成名，开创功夫喜剧片 [3]  。1980年自导自演《师弟出马》破香港历史票房纪录 [4]  。1985年创作《警察故事》系列。主演《A计划》《奇迹》《飞鹰计划》《我是谁》《十二生肖》等 [5-6]  。2005年《醉拳Ⅱ》入选《时代周刊》”全球史上百部最佳电影“ [7]  。成龙是首位蝉联金马奖最佳男主角的演员，首位获金鸡奖最佳男主角的港台演员 [8-9]  。\r\n1995年凭《红番区》打入美国好莱坞，破北美外语片票房纪录 [10-11]  。1998年《尖峰时刻》奠定其在好莱坞地位 [12]  ，2001年《尖峰时刻2》创华人演员主演好莱坞电影票房纪录 [13]  ，2007年《尖峰时刻3》片酬2000万美元加全球分红 [14]  。2012年被美国《纽约时报》评为“史上20位最伟大的动作影星”第一 [15]  ，2016年获奥斯卡终身成就奖', '2559', 'S0B0', '1', '1', '2019-04-07 00:19:11', '2019-04-07 00:19:11', '2019-04-07 00:51:14', null);
INSERT INTO `as_user` VALUES ('39', '张晴', '情到深处是孤独', '0', 'ceb06295d73ee99df5b19f3d98b1ba84', '0', '0', '0', '1', '2', null, null, null, 'g3ld@sohu.com', '13500567637', '/file/upload/images/avatar/2019/4/avatar_201904062230568804475.jpg', '白老师，某重点中学化学老师，从教5年，有丰富的教学经验，将中考化学的重点，难点融会贯通，用鲜活的教学方法为学生讲解。在化学中考上有独到的见解和复习思路，受到学生的欢迎和认可。', '11201', 'aAzm', '1', '1', '2019-04-07 00:19:11', '2019-04-07 00:19:11', '2019-04-07 00:51:14', null);
INSERT INTO `as_user` VALUES ('40', '曹昊', '宁负流年不负卿', '0', 'ceb06295d73ee99df5b19f3d98b1ba84', '0', '0', '1', '1', '1', null, null, null, 'ymydmbc78xs@qq.com', '15702341908', '/file/upload/images/avatar/2019/4/avatar_20190406223319898230131.jpg', '高老师 毕业于内蒙古师范大学法学系。2006年7月进入学校担任文综课程教学。2008学年起一直担任初三年级的文综教学、2010年评为智慧型教师。作为初三年级的思想品德教师，连续五届思想品德学业考试取得第一的成绩。', '4710', 'hLth', '0', '0', '2019-04-07 00:19:11', '2019-04-07 00:19:11', '2019-04-07 00:51:14', null);
INSERT INTO `as_user` VALUES ('41', '刘城', '呛了眼睛熬了心', '0', 'ceb06295d73ee99df5b19f3d98b1ba84', '1', '1', '0', '2', '2', null, null, null, 'n8w9zro0g@yeah.net', '15002056375', '/file/upload/images/avatar/2019/4/avatar_20190406223443738176592.jpg', '毕业于南开大学，数学功底扎实，逻辑思维清晰，对待教学工作严肃认真，对学生尽职尽责。极具亲和力，课堂生动活泼，并能寓教于乐，激发学生的学习兴趣和积极性，促使学生养成良好的学习习惯。熟悉了解学生的心理，善于发现每一位学生的优点和特点，从而帮助他们取得更大的进步。', '608', 'yfza', '0', '0', '2019-04-07 00:19:11', '2019-04-07 00:19:11', '2019-04-07 00:51:14', null);
INSERT INTO `as_user` VALUES ('42', '史田宇', '谁念西风独自凉', '0', 'ceb06295d73ee99df5b19f3d98b1ba84', '1', '1', '1', '2', '1', null, null, null, 'lo8bdt51pkr@yeah.net', '13207278335', '/file/upload/images/avatar/2019/4/avatar_20190406224824138582381.jpg', '张老师，毕业于上海师范大学外国语学院。2004年7月担任某中学英语老师，多年担任初三英语教学和班主任工作，现为中学高级教师，2008年9月评为金牌好老师、2010年9月评为先进教师，2011年4月记大功。', '18474', 'nZbd', '0', '0', '2019-04-07 00:19:11', '2019-04-07 00:19:11', '2019-04-07 00:51:14', null);
INSERT INTO `as_user` VALUES ('43', '张彬', '有味是清欢', '1', 'ceb06295d73ee99df5b19f3d98b1ba84', '0', '1', '1', '1', '1', null, null, null, 'eprv@0355.net', '15102491614', '/file/upload/images/avatar/2019/4/avatar_20190406224936338954203.jpg', '沈老师 毕业于师范大学汉语语言文学专业，2004年7月进入中学任教，担任初中语文教学和德育教导主任，现为中学高级教师。多次荣获优秀教师称号，2007年4月评为红旗中队优秀辅导员，2008年9月获优秀班主任铜奖，2008年10月荣获优秀班主任称号，2009年1月获第三届中学生现代文阅读大赛优秀指导奖，初中智慧型优秀教师称号，2010年5月“记大功”。', '2582', 'PwhS', '1', '1', '2019-04-07 00:19:11', '2019-04-07 00:19:11', '2019-04-07 00:51:14', null);
INSERT INTO `as_user` VALUES ('44', '王思颖', '弹指情弦暗扣', '0', 'ceb06295d73ee99df5b19f3d98b1ba84', '1', '0', '1', '1', '2', null, null, null, 'bpal82aul77@gmail.com', '13207043476', '/file/upload/images/avatar/2019/4/avatar_20190406225028503913049.jpg', '张青青，现任解题无忧专职英语教师。获得英语专业八级证书，高级教师资格证书。从事英语教学工作六年，于2015年加入解题无忧学习中心从事教学工作。张老师具有丰富的教学经验以及专业的学科知识，主要负责中考及高考英语课程的讲解及研发。人生格言是：诚挚的心灵，是学生情感的钥匙， 高尚的师德，是学生心灵的明镜。', '19728', 'xkaf', '0', '1', '2019-04-07 00:19:11', '2019-04-07 00:19:11', '2019-04-07 00:51:14', null);
INSERT INTO `as_user` VALUES ('45', '齐银', '无与为乐者', '1', 'ceb06295d73ee99df5b19f3d98b1ba84', '0', '1', '0', '2', '1', null, null, null, '3mkdpr7e@ask.com', '13106082197', '/file/upload/images/avatar/2019/4/avatar_2019040622512835343056.jpg', '英语硕士，担任中学英语老师，从教15年，有丰富的教学经验，曾经获得教学能手的荣誉称号。所带班级的英语成绩经常会有新的突破，尤其是对于如何提高学生的英语成绩有着独到的见解及独特的方法。好学生能够更好地发挥英语专长，后进生逐渐增强学习英语的信心。', '26071', 't8iq', '1', '1', '2019-04-07 00:19:11', '2019-04-07 00:19:11', '2019-04-07 00:51:14', null);
INSERT INTO `as_user` VALUES ('46', '王密密', '千与千寻千般痛', '0', 'ceb06295d73ee99df5b19f3d98b1ba84', '0', '0', '1', '2', '1', null, null, null, 'otvqyfand@263.net', '13100234078', '/file/upload/images/avatar/2019/4/avatar_20190406225230896226539.jpg', '王老师担任某中学物理老师。从事教育工作15年一直担任物理教师兼班主任工作。曾获省、市教研教改先进个人，“优秀班主任”等光荣称号，多次被学校评为“优秀教师”“先进德育工作者”。撰写的经验论文多次获国家、省、市级一、二等奖。', '46215', 'bZD4', '0', '0', '2019-04-07 00:19:11', '2019-04-07 00:19:11', '2019-04-07 00:51:14', null);
INSERT INTO `as_user` VALUES ('47', '王卿', '泪湿衣', '0', 'ceb06295d73ee99df5b19f3d98b1ba84', '0', '0', '0', '2', '2', null, null, null, 'gs6g7r3ejb@0355.net', '13703294398', '/file/upload/images/avatar/2019/4/avatar_20190406225345906502699.jpg', '刘老师从事教育教学工作13年，在担任语文教学和班主任工作期间，积累了丰富的教学经验 曾参加省市、全国教育教学各项比赛多次荣获“教学竞赛一等奖”、“优秀教师”、“优秀中队辅导员”、“优秀辅导教师”，辅导学生参赛成绩显著。在“麓山”温暖的怀抱里，最幸福的是赢得了家长的信任，孩子们的喜爱。', '1462', 'bi56', '1', '0', '2019-04-07 00:19:11', '2019-04-07 00:19:11', '2019-04-07 00:51:15', null);
INSERT INTO `as_user` VALUES ('48', '史娜', '不再属于我', '1', 'ceb06295d73ee99df5b19f3d98b1ba84', '1', '1', '1', '1', '2', null, null, null, '52kl@gmail.com', '15003354148', '/static/home/images/user-head/1.jpg', '曹老师 2006年毕业于师范大学数学系，并获得市优秀毕业生称号。2006年6月成为中学老师，担任数学教学、年级组长。 2008年获第三届“金铭杯”智慧型教师、优秀教师“记大功”奖励。2009年获得园丁奖、全国民办教育优秀教师称号。2010年获教育系统三八红旗手。2011年评为德育标兵。', '41281', 'BAhN', '1', '0', '2019-04-07 00:19:12', '2019-04-07 00:19:12', '2019-04-07 00:51:15', null);
INSERT INTO `as_user` VALUES ('49', '王琨', '旧时光的记忆', '0', 'ceb06295d73ee99df5b19f3d98b1ba84', '1', '1', '0', '2', '1', null, null, null, '2loqhf@msn.com', '13105857414', '/file/upload/images/avatar/2019/4/avatar_20190406214135124811995.jpg', '文库一般指按照编辑计划，选择一定范围内已印行的或专门编写的作品成套出版的地方。也指网上的开放供网友在线分享文档的平台。', '15292', '6Q9Q', '1', '1', '2019-04-07 00:19:12', '2019-04-07 00:19:12', '2019-04-07 00:51:15', null);
INSERT INTO `as_user` VALUES ('50', '韩林林', '心情的温度', '1', 'ceb06295d73ee99df5b19f3d98b1ba84', '0', '1', '1', '2', '1', null, null, null, 'akbwiiu9@ask.com', '15303616335', '/file/upload/images/avatar/2019/4/avatar_20190406220359982997351.jpg', '我来自郑州，我是一名信息工程大学印刷工程专业应届本科即将毕业的学员。\r\n我的性格偏于内向，为人坦率、热情、讲求原则；处事乐观、专心、细致、头脑清醒；富有责任心、乐于助人。\r\n我还是一个正直忠诚、勤奋求实的人，会不断追求人格的自我完善；明显的特点是乐观自信、温和开朗、稳重宽厚，因此，我人际关系和谐，适应环境能力较强。爱好电脑、科普知识，喜欢钻研，正因为这些增强了我的实干精神，习惯事情或问题及早解决。\r\n最大的满足感在于该做的事顺利完成，以便有精力去关注其他，也就是追求感觉上的自我良好或优越感。最大的缺点是对没有秩序感的人可能缺乏足够的耐心，也可能因为心太细，会让别人误解我的一番好意。', '48647', 'b522', '1', '1', '2019-04-07 00:19:12', '2019-04-07 00:19:12', '2019-04-07 00:51:15', null);
INSERT INTO `as_user` VALUES ('51', '张坤', '被刻印的时光', '1', 'ceb06295d73ee99df5b19f3d98b1ba84', '1', '1', '0', '2', '1', null, null, null, 'hv8kj19hi@qq.com', '13904232651', '/file/upload/images/avatar/2019/4/avatar_201904062212503429152.jpg', '8月15日出生于湖南省张家界，毕业于中央民族大学音乐学院声乐硕士研究生，先后师从于湖南省艺术学校声乐教授梁琼老师、中央民族大学音乐学院声乐教授乌云陶丽老师和总政治部著名女高音歌唱家歌剧表演艺术家黄华丽老师，多次全国声乐比赛中斩获大奖。', '48892', 'k6M4', '1', '0', '2019-04-07 00:19:12', '2019-04-07 00:19:12', '2019-04-07 00:51:15', null);
INSERT INTO `as_user` VALUES ('52', '于军', '牵手夕阳', '1', 'ceb06295d73ee99df5b19f3d98b1ba84', '0', '1', '0', '2', '1', null, null, null, '9u2mzh8@yahoo.com', '13801152552', '/file/upload/images/avatar/2019/4/avatar_20190406221836759766820.jpg', '我是一个学弱', '37877', 'wrZU', '0', '0', '2019-04-07 00:19:12', '2019-04-07 00:19:12', '2019-04-07 00:51:15', null);
INSERT INTO `as_user` VALUES ('53', '朱泽', '路过你的时光', '1', 'ceb06295d73ee99df5b19f3d98b1ba84', '0', '1', '0', '2', '1', null, null, null, 'lu4zjb5ho@qq.com', '13102087879', '/file/upload/images/avatar/2019/4/avatar_20190406221937855435353.jpg', '1976年3月12日出生于安徽省芜湖市，华语影视女演员、歌手、导演、监制，取得了北京电影学院导演系硕士的学位。1993年，完成了个人首部电影作品《画魂》，从而开启了她的演艺生涯。1995年，首次担纲女主角，并完成了个人首部电视剧作品，在都市情感轻喜剧《姐姐妹妹闯北京》中饰演了白小雪。1998年，其主演的清装宫廷剧《还珠格格》播出，创造出收视率中国第一、', '32428', 'Ww6R', '0', '0', '2019-04-07 00:19:12', '2019-04-07 00:19:12', '2019-04-07 00:51:15', null);
INSERT INTO `as_user` VALUES ('54', '史子振', '栀子花的思念', '0', 'ceb06295d73ee99df5b19f3d98b1ba84', '0', '1', '1', '2', '1', null, null, null, 'upuzdqqc@live.com', '15207643954', '/file/upload/images/avatar/2019/4/avatar_2019040622203581846239.jpg', '吴建飞，1983年9月27日出生于浙江台州，中国内地影视男演员、歌手，毕业于北京电影学院。\r\n2006年参加东方卫视选秀娱乐节目《加油！好男儿》的比赛，获得全国季军，从而正式进入演艺圈。此后，他演唱《脆弱》《偏偏爱上你》等歌曲，并主演《铠甲勇士》《幸福三颗星》等影视作品。2007年，他跻身福布斯名人榜前100名。2011年，他凭借其在音乐电影《他来听我的演唱会》中的表现，获得第三届澳门国际电影节最佳新人奖。2013年，在电视剧《盛夏晚晴天》中饰演莫凌天。2018年在《壮志高飞》中饰演了罗冬一角', '26539', 'qwT6', '1', '1', '2019-04-07 00:19:12', '2019-04-07 00:19:12', '2019-04-07 00:51:15', null);
INSERT INTO `as_user` VALUES ('55', '齐赛', '永恒的永恒', '0', 'ceb06295d73ee99df5b19f3d98b1ba84', '0', '0', '0', '1', '2', null, null, null, 'rhod63r@3721.net', '15905868698', '/file/upload/images/avatar/2019/4/avatar_20190406222200386203266.jpg', '许飞，1985年10月21日出生于吉林省四平市，中国内地流行乐女歌手、音乐创作人，毕业于中国人民解放军艺术学院音乐系。2006年，参加湖南卫视选秀娱乐节目《超级女声》的比赛，获得全国总决赛第六名；同年9月，发行首支个人单曲《那年夏天》。2007年，发行首张个人EP《也许，飞》。2008年4月22日，发行首张个人音乐专辑《恰许同学年少》，获得音乐先锋榜“内地最受欢迎先锋女歌手”等奖；', '16677', 'XPri', '0', '1', '2019-04-07 00:19:12', '2019-04-07 00:19:12', '2019-04-07 00:51:15', null);
INSERT INTO `as_user` VALUES ('56', '于瑶', '琉璃瓶的回忆', '0', 'ceb06295d73ee99df5b19f3d98b1ba84', '1', '1', '1', '2', '2', null, null, null, 'hkwqe560ai@263.net', '13703653604', '/file/upload/images/avatar/2019/4/avatar_20190406222303894281773.jpg', '韩雪，1983年1月11日出生于江苏省苏州市姑苏区，中国内地女演员、歌手、影视制作人，毕业于上海戏剧学院表演系。2000年，韩雪参加并获得香港嘉禾影视公司主办的“世纪之星”影视歌新人大赛全国金奖，随后出演其首部大荧幕作品《浪漫樱花》，同年，韩雪以文化考试第一名的成绩被上海戏剧学院表演系录取；2003年12月，因在古装武侠剧《飞刀又见飞刀》中扮演冷小星而受到关注；', '43305', 'D9ZK', '1', '1', '2019-04-07 00:19:12', '2019-04-07 00:19:12', '2019-04-07 00:51:15', null);
INSERT INTO `as_user` VALUES ('57', '齐功', '不流泪的眼', '0', 'ceb06295d73ee99df5b19f3d98b1ba84', '1', '0', '0', '2', '2', null, null, null, 'tjj9lj@163.com', '15901332655', '/file/upload/images/avatar/2019/4/avatar_20190406222402259985740.jpg', '毛方圆，1987年9月10日出生于浙江省宁波市象山县，中国内地男演员、歌手，毕业于杭州艺术学校。\r\n2006年，报名参加东方卫视选秀娱乐节目《加油！好男儿》杭州赛区的比赛，获得杭州赛区五强、全国20强 [1]  。2007年，加入“兄弟联”组合 [2]  ；同年，兄弟联推出首张组合音乐专辑《兄弟联》 [3]  。2008年，出演个人首部电视剧《网球王子》 [4]  。2011年，获得第18届“东方风云榜”内地新人铜奖 [5]  ；同年，推出首支个人单曲《盗梦者》 [6]  。2013年，获得”美境中国绿色盛典“最佳人物奖 [7]  。2014年，出演陈星海执导的电影《探秘者》 [8]  。2015年，主演近代情感剧《左轮手枪》 [9]  ；同年，在都市悬疑网络剧《重生之名流巨星》中饰演牧哲白 [10]  。2016年，在古装传奇剧《醉玲珑》中饰演萧续 [11]  。同年出演电视剧《制裁者联盟》，饰演花东阁。 [12]  同年在网剧《颤抖吧，阿部》中饰演朵星舰长。 [12]  2017年1月16日，其主演的贺岁喜剧电影《菜鸟囧探》全网上线播出 [13]  ；同年4月，主演都市爱情网络剧《异地恋》 [14]  。同年9月参加综艺《零点食神》。 [15]  同年10月主演《少女四大名捕之白银惨案》。 [16]  同年11月，斩获亚洲音乐盛典“年度最佳影视歌曲奖”。 [16]  2018年，出演古装科幻网剧《颤抖吧阿部之朵星风云》', '48968', '5vu0', '1', '1', '2019-04-07 00:19:12', '2019-04-07 00:19:12', '2019-04-07 00:51:15', null);
INSERT INTO `as_user` VALUES ('58', '李娟', '梦醉为红颜', '0', 'ceb06295d73ee99df5b19f3d98b1ba84', '0', '1', '1', '2', '1', null, null, null, 'zfpblvd71g@163.com', '13106205366', '/file/upload/images/avatar/2019/4/avatar_20190406222506942875201.jpg', 'This is my introduce...', '41495', '4VsF', '0', '0', '2019-04-07 00:19:12', '2019-04-07 00:19:12', '2019-04-07 00:51:20', null);
INSERT INTO `as_user` VALUES ('59', '王遥', '尘缘若梦', '1', 'ceb06295d73ee99df5b19f3d98b1ba84', '0', '1', '1', '2', '2', null, null, null, 'j3980qrc3rz@126.com', '15105207943', '/file/upload/images/avatar/2019/4/avatar_20190406222604562295414.jpg', '我是一位高中数学老师，欢迎来提问骚扰', '27600', 'yP22', '1', '0', '2019-04-07 00:19:12', '2019-04-07 00:19:12', '2019-04-07 00:51:20', null);
INSERT INTO `as_user` VALUES ('60', '路雪', '你不懂', '0', 'ceb06295d73ee99df5b19f3d98b1ba84', '1', '1', '1', '1', '1', null, null, null, '51k1786h5p@163.com', '13401925362', '/file/upload/images/avatar/2019/4/avatar_2019040622271566469076.jpg', '成龙（Jackie Chan），1954年4月7日出生于香港，祖籍安徽芜湖。中国香港男演员、导演、动作指导、制作人、编剧、歌手 [1]  。\r\n1971年以武师身份进入电影圈 [2]  。1978年主演《醉拳》成名，开创功夫喜剧片 [3]  。1980年自导自演《师弟出马》破香港历史票房纪录 [4]  。1985年创作《警察故事》系列。主演《A计划》《奇迹》《飞鹰计划》《我是谁》《十二生肖》等 [5-6]  。2005年《醉拳Ⅱ》入选《时代周刊》”全球史上百部最佳电影“ [7]  。成龙是首位蝉联金马奖最佳男主角的演员，首位获金鸡奖最佳男主角的港台演员 [8-9]  。\r\n1995年凭《红番区》打入美国好莱坞，破北美外语片票房纪录 [10-11]  。1998年《尖峰时刻》奠定其在好莱坞地位 [12]  ，2001年《尖峰时刻2》创华人演员主演好莱坞电影票房纪录 [13]  ，2007年《尖峰时刻3》片酬2000万美元加全球分红 [14]  。2012年被美国《纽约时报》评为“史上20位最伟大的动作影星”第一 [15]  ，2016年获奥斯卡终身成就奖', '40014', 'gzfv', '1', '0', '2019-04-07 00:19:12', '2019-04-07 00:19:12', '2019-04-07 00:51:20', null);
INSERT INTO `as_user` VALUES ('61', '王达鹏', '天荒地老', '0', 'ceb06295d73ee99df5b19f3d98b1ba84', '0', '0', '0', '1', '2', null, null, null, 'm59@live.com', '13702158237', '/file/upload/images/avatar/2019/4/avatar_20190406222801710993234.jpg', '白老师，某重点中学化学老师，从教5年，有丰富的教学经验，将中考化学的重点，难点融会贯通，用鲜活的教学方法为学生讲解。在化学中考上有独到的见解和复习思路，受到学生的欢迎和认可。', '19486', '7rNR', '1', '1', '2019-04-07 00:19:12', '2019-04-07 00:19:12', '2019-04-07 00:51:20', null);
INSERT INTO `as_user` VALUES ('62', '路天雷', '时光乱了年华', '0', 'ceb06295d73ee99df5b19f3d98b1ba84', '0', '1', '1', '2', '2', null, null, null, 'b6mja2ng@aol.com', '13208665588', '/file/upload/images/avatar/2019/4/avatar_201904062230568804475.jpg', '高老师 毕业于内蒙古师范大学法学系。2006年7月进入学校担任文综课程教学。2008学年起一直担任初三年级的文综教学、2010年评为智慧型教师。作为初三年级的思想品德教师，连续五届思想品德学业考试取得第一的成绩。', '14584', '0Jgk', '1', '1', '2019-04-07 00:19:13', '2019-04-07 00:19:13', '2019-04-07 00:51:20', null);
INSERT INTO `as_user` VALUES ('63', '李宁', '零度萤火', '1', 'ceb06295d73ee99df5b19f3d98b1ba84', '1', '0', '1', '1', '1', null, null, null, 'ijaetyrn@ask.com', '13205708098', '/file/upload/images/avatar/2019/4/avatar_20190406223319898230131.jpg', '毕业于南开大学，数学功底扎实，逻辑思维清晰，对待教学工作严肃认真，对学生尽职尽责。极具亲和力，课堂生动活泼，并能寓教于乐，激发学生的学习兴趣和积极性，促使学生养成良好的学习习惯。熟悉了解学生的心理，善于发现每一位学生的优点和特点，从而帮助他们取得更大的进步。', '42516', 'xmMy', '0', '0', '2019-04-07 00:19:13', '2019-04-07 00:19:13', '2019-04-07 00:51:20', null);
INSERT INTO `as_user` VALUES ('64', '王士杰', '忘了你', '0', 'ceb06295d73ee99df5b19f3d98b1ba84', '0', '1', '1', '1', '2', null, null, null, 'wobge@sohu.com', '13800768990', '/file/upload/images/avatar/2019/4/avatar_20190406223443738176592.jpg', '张老师，毕业于上海师范大学外国语学院。2004年7月担任某中学英语老师，多年担任初三英语教学和班主任工作，现为中学高级教师，2008年9月评为金牌好老师、2010年9月评为先进教师，2011年4月记大功。', '33696', 'xTVf', '0', '1', '2019-04-07 00:19:13', '2019-04-07 00:19:13', '2019-04-07 00:51:20', null);
INSERT INTO `as_user` VALUES ('65', '王丽娟', '皆成旧梦', '0', 'ceb06295d73ee99df5b19f3d98b1ba84', '0', '1', '0', '1', '2', null, null, null, 'q23s14@sina.com', '15307470032', '/file/upload/images/avatar/2019/4/avatar_20190406224824138582381.jpg', '沈老师 毕业于师范大学汉语语言文学专业，2004年7月进入中学任教，担任初中语文教学和德育教导主任，现为中学高级教师。多次荣获优秀教师称号，2007年4月评为红旗中队优秀辅导员，2008年9月获优秀班主任铜奖，2008年10月荣获优秀班主任称号，2009年1月获第三届中学生现代文阅读大赛优秀指导奖，初中智慧型优秀教师称号，2010年5月“记大功”。', '38221', 'MgZ2', '0', '0', '2019-04-07 00:19:13', '2019-04-07 00:19:13', '2019-04-07 00:51:20', null);
INSERT INTO `as_user` VALUES ('66', '崔岳', '墨雨无痕', '0', 'ceb06295d73ee99df5b19f3d98b1ba84', '0', '0', '1', '1', '2', null, null, null, 'gdhg9h1@yahoo.com.cn', '13806028314', '/file/upload/images/avatar/2019/4/avatar_20190406224936338954203.jpg', '张青青，现任解题无忧专职英语教师。获得英语专业八级证书，高级教师资格证书。从事英语教学工作六年，于2015年加入解题无忧学习中心从事教学工作。张老师具有丰富的教学经验以及专业的学科知识，主要负责中考及高考英语课程的讲解及研发。人生格言是：诚挚的心灵，是学生情感的钥匙， 高尚的师德，是学生心灵的明镜。', '48212', 'msLT', '1', '1', '2019-04-07 00:19:13', '2019-04-07 00:19:13', '2019-04-07 00:51:20', null);
INSERT INTO `as_user` VALUES ('67', '齐良', '像凉性人', '1', 'ceb06295d73ee99df5b19f3d98b1ba84', '0', '1', '0', '2', '1', null, null, null, '9tmgx3e68y@ask.com', '15301555761', '/file/upload/images/avatar/2019/4/avatar_20190406225028503913049.jpg', '英语硕士，担任中学英语老师，从教15年，有丰富的教学经验，曾经获得教学能手的荣誉称号。所带班级的英语成绩经常会有新的突破，尤其是对于如何提高学生的英语成绩有着独到的见解及独特的方法。好学生能够更好地发挥英语专长，后进生逐渐增强学习英语的信心。', '1112', 'kw3d', '0', '1', '2019-04-07 00:19:13', '2019-04-07 00:19:13', '2019-04-07 00:51:21', null);
INSERT INTO `as_user` VALUES ('68', '刘飞羽', '像暖风人', '0', 'ceb06295d73ee99df5b19f3d98b1ba84', '1', '0', '1', '2', '2', null, null, null, 'py93o@qq.com', '15901540256', '/file/upload/images/avatar/2019/4/avatar_2019040622512835343056.jpg', '王老师担任某中学物理老师。从事教育工作15年一直担任物理教师兼班主任工作。曾获省、市教研教改先进个人，“优秀班主任”等光荣称号，多次被学校评为“优秀教师”“先进德育工作者”。撰写的经验论文多次获国家、省、市级一、二等奖。', '5674', 'QXPK', '1', '1', '2019-04-07 00:19:13', '2019-04-07 00:19:13', '2019-04-07 00:51:21', null);
INSERT INTO `as_user` VALUES ('69', '勾萍', '美丽如水月', '1', 'ceb06295d73ee99df5b19f3d98b1ba84', '0', '0', '1', '2', '2', null, null, null, 's9n@3721.net', '15807477556', '/file/upload/images/avatar/2019/4/avatar_20190406225230896226539.jpg', '刘老师从事教育教学工作13年，在担任语文教学和班主任工作期间，积累了丰富的教学经验 曾参加省市、全国教育教学各项比赛多次荣获“教学竞赛一等奖”、“优秀教师”、“优秀中队辅导员”、“优秀辅导教师”，辅导学生参赛成绩显著。在“麓山”温暖的怀抱里，最幸福的是赢得了家长的信任，孩子们的喜爱。', '3390', 'sKKC', '1', '0', '2019-04-07 00:19:13', '2019-04-07 00:19:13', '2019-04-07 00:51:21', null);
INSERT INTO `as_user` VALUES ('70', '齐岩', '透明似琉璃', '0', 'ceb06295d73ee99df5b19f3d98b1ba84', '1', '1', '1', '1', '2', null, null, null, '5zm99bg@hotmail.com', '15608745971', '/file/upload/images/avatar/2019/4/avatar_20190406225345906502699.jpg', '曹老师 2006年毕业于师范大学数学系，并获得市优秀毕业生称号。2006年6月成为中学老师，担任数学教学、年级组长。 2008年获第三届“金铭杯”智慧型教师、优秀教师“记大功”奖励。2009年获得园丁奖、全国民办教育优秀教师称号。2010年获教育系统三八红旗手。2011年评为德育标兵。', '20577', '7ybX', '1', '1', '2019-04-07 00:19:13', '2019-04-07 00:19:13', '2019-04-07 00:51:21', null);
INSERT INTO `as_user` VALUES ('71', '王岳', '吹南风', '1', 'ceb06295d73ee99df5b19f3d98b1ba84', '1', '1', '1', '2', '1', null, null, null, 'gyhzbsf1wn@yahoo.com.cn', '15007383539', '/static/home/images/user-head/1.jpg', '文库一般指按照编辑计划，选择一定范围内已印行的或专门编写的作品成套出版的地方。也指网上的开放供网友在线分享文档的平台。', '19232', 'D4rs', '1', '0', '2019-04-07 00:19:13', '2019-04-07 00:19:13', '2019-04-07 00:51:21', null);
INSERT INTO `as_user` VALUES ('72', '王飞', '望北海', '1', 'ceb06295d73ee99df5b19f3d98b1ba84', '1', '0', '0', '2', '2', null, null, null, 'k6ej1irulclk@aol.com', '15907161119', '/file/upload/images/avatar/2019/4/avatar_20190406214135124811995.jpg', '我来自郑州，我是一名信息工程大学印刷工程专业应届本科即将毕业的学员。\r\n我的性格偏于内向，为人坦率、热情、讲求原则；处事乐观、专心、细致、头脑清醒；富有责任心、乐于助人。\r\n我还是一个正直忠诚、勤奋求实的人，会不断追求人格的自我完善；明显的特点是乐观自信、温和开朗、稳重宽厚，因此，我人际关系和谐，适应环境能力较强。爱好电脑、科普知识，喜欢钻研，正因为这些增强了我的实干精神，习惯事情或问题及早解决。\r\n最大的满足感在于该做的事顺利完成，以便有精力去关注其他，也就是追求感觉上的自我良好或优越感。最大的缺点是对没有秩序感的人可能缺乏足够的耐心，也可能因为心太细，会让别人误解我的一番好意。', '8118', 'EMRy', '0', '0', '2019-04-07 00:19:13', '2019-04-07 00:19:13', '2019-04-07 00:51:21', null);
INSERT INTO `as_user` VALUES ('73', '路飞', '北城半夏', '1', 'ceb06295d73ee99df5b19f3d98b1ba84', '1', '0', '1', '1', '2', null, null, null, 'v8pumog@yeah.net', '15708000685', '/file/upload/images/avatar/2019/4/avatar_20190406220359982997351.jpg', 'This is my introduce...', '41547', 'hnEZ', '1', '1', '2019-04-07 00:19:14', '2019-04-07 00:19:14', '2019-04-07 00:51:25', null);
INSERT INTO `as_user` VALUES ('74', '王慧', '南城微凉', '0', 'ceb06295d73ee99df5b19f3d98b1ba84', '1', '0', '0', '2', '2', null, null, null, 'on1ksydt69ef@aol.com', '13308303194', '/file/upload/images/avatar/2019/4/avatar_201904062212503429152.jpg', '我是一位高中数学老师，欢迎来提问骚扰', '45776', '6Rmh', '1', '1', '2019-04-07 00:19:14', '2019-04-07 00:19:14', '2019-04-07 00:51:25', null);
INSERT INTO `as_user` VALUES ('75', '王衫', '清风如你', '0', 'ceb06295d73ee99df5b19f3d98b1ba84', '1', '1', '0', '1', '2', null, null, null, '5kw7yzq@3721.net', '13106903010', '/file/upload/images/avatar/2019/4/avatar_20190406221836759766820.jpg', '成龙（Jackie Chan），1954年4月7日出生于香港，祖籍安徽芜湖。中国香港男演员、导演、动作指导、制作人、编剧、歌手 [1]  。\r\n1971年以武师身份进入电影圈 [2]  。1978年主演《醉拳》成名，开创功夫喜剧片 [3]  。1980年自导自演《师弟出马》破香港历史票房纪录 [4]  。1985年创作《警察故事》系列。主演《A计划》《奇迹》《飞鹰计划》《我是谁》《十二生肖》等 [5-6]  。2005年《醉拳Ⅱ》入选《时代周刊》”全球史上百部最佳电影“ [7]  。成龙是首位蝉联金马奖最佳男主角的演员，首位获金鸡奖最佳男主角的港台演员 [8-9]  。\r\n1995年凭《红番区》打入美国好莱坞，破北美外语片票房纪录 [10-11]  。1998年《尖峰时刻》奠定其在好莱坞地位 [12]  ，2001年《尖峰时刻2》创华人演员主演好莱坞电影票房纪录 [13]  ，2007年《尖峰时刻3》片酬2000万美元加全球分红 [14]  。2012年被美国《纽约时报》评为“史上20位最伟大的动作影星”第一 [15]  ，2016年获奥斯卡终身成就奖', '47834', 'zcpM', '1', '1', '2019-04-07 00:19:14', '2019-04-07 00:19:14', '2019-04-07 00:51:25', null);
INSERT INTO `as_user` VALUES ('76', '王霞雨', '清风沾喉', '0', 'ceb06295d73ee99df5b19f3d98b1ba84', '1', '1', '0', '2', '1', null, null, null, '47ce7wd5f8e@msn.com', '13008612554', '/file/upload/images/avatar/2019/4/avatar_20190406221937855435353.jpg', '白老师，某重点中学化学老师，从教5年，有丰富的教学经验，将中考化学的重点，难点融会贯通，用鲜活的教学方法为学生讲解。在化学中考上有独到的见解和复习思路，受到学生的欢迎和认可。', '27816', 'rXvX', '0', '1', '2019-04-07 00:19:14', '2019-04-07 00:19:14', '2019-04-07 00:51:25', null);
INSERT INTO `as_user` VALUES ('77', '杨玲', '凉风吹衣', '1', 'ceb06295d73ee99df5b19f3d98b1ba84', '1', '1', '0', '2', '1', null, null, null, '9s5cpfn9gys@gmail.com', '15804931962', '/file/upload/images/avatar/2019/4/avatar_2019040622203581846239.jpg', '高老师 毕业于内蒙古师范大学法学系。2006年7月进入学校担任文综课程教学。2008学年起一直担任初三年级的文综教学、2010年评为智慧型教师。作为初三年级的思想品德教师，连续五届思想品德学业考试取得第一的成绩。', '11301', '9XK6', '0', '0', '2019-04-07 00:19:14', '2019-04-07 00:19:14', '2019-04-07 00:51:26', null);
INSERT INTO `as_user` VALUES ('78', '韩飞', '我家闺蜜是秀逗', '1', 'ceb06295d73ee99df5b19f3d98b1ba84', '0', '0', '0', '2', '1', null, null, null, '6dq1@yahoo.com.cn', '13707805069', '/file/upload/images/avatar/2019/4/avatar_20190406222200386203266.jpg', '毕业于南开大学，数学功底扎实，逻辑思维清晰，对待教学工作严肃认真，对学生尽职尽责。极具亲和力，课堂生动活泼，并能寓教于乐，激发学生的学习兴趣和积极性，促使学生养成良好的学习习惯。熟悉了解学生的心理，善于发现每一位学生的优点和特点，从而帮助他们取得更大的进步。', '12395', 'ateD', '1', '0', '2019-04-07 00:19:14', '2019-04-07 00:19:14', '2019-04-07 00:51:26', null);
INSERT INTO `as_user` VALUES ('79', '王任', '我家闺蜜是奇葩', '0', 'ceb06295d73ee99df5b19f3d98b1ba84', '0', '0', '0', '1', '2', null, null, null, 'apz8a4g5@sohu.com', '15801617828', '/file/upload/images/avatar/2019/4/avatar_20190406222303894281773.jpg', '张老师，毕业于上海师范大学外国语学院。2004年7月担任某中学英语老师，多年担任初三英语教学和班主任工作，现为中学高级教师，2008年9月评为金牌好老师、2010年9月评为先进教师，2011年4月记大功。', '45107', 'fx0g', '1', '0', '2019-04-07 00:19:14', '2019-04-07 00:19:14', '2019-04-07 00:51:26', null);
INSERT INTO `as_user` VALUES ('80', '张喆', '我亦不敌时光', '0', 'ceb06295d73ee99df5b19f3d98b1ba84', '0', '0', '1', '2', '2', null, null, null, 'mhu3sy0nkm@yeah.net', '15607957278', '/file/upload/images/avatar/2019/4/avatar_20190406222402259985740.jpg', '沈老师 毕业于师范大学汉语语言文学专业，2004年7月进入中学任教，担任初中语文教学和德育教导主任，现为中学高级教师。多次荣获优秀教师称号，2007年4月评为红旗中队优秀辅导员，2008年9月获优秀班主任铜奖，2008年10月荣获优秀班主任称号，2009年1月获第三届中学生现代文阅读大赛优秀指导奖，初中智慧型优秀教师称号，2010年5月“记大功”。', '7944', 'aNK3', '1', '1', '2019-04-07 00:19:14', '2019-04-07 00:19:14', '2019-04-07 00:51:26', null);
INSERT INTO `as_user` VALUES ('81', '王自然', '你亦旧人难忘', '1', 'ceb06295d73ee99df5b19f3d98b1ba84', '1', '1', '0', '1', '1', null, null, null, 'q0ig@yeah.net', '13204392087', '/file/upload/images/avatar/2019/4/avatar_20190406222506942875201.jpg', '张青青，现任解题无忧专职英语教师。获得英语专业八级证书，高级教师资格证书。从事英语教学工作六年，于2015年加入解题无忧学习中心从事教学工作。张老师具有丰富的教学经验以及专业的学科知识，主要负责中考及高考英语课程的讲解及研发。人生格言是：诚挚的心灵，是学生情感的钥匙， 高尚的师德，是学生心灵的明镜。', '5172', 'qqPk', '0', '0', '2019-04-07 00:19:14', '2019-04-07 00:19:14', '2019-04-07 00:51:26', null);
INSERT INTO `as_user` VALUES ('82', '永人杰', '不可测的感情', '1', 'ceb06295d73ee99df5b19f3d98b1ba84', '1', '1', '1', '2', '2', null, null, null, 'o4z5@gmail.com', '15201783969', '/file/upload/images/avatar/2019/4/avatar_20190406222604562295414.jpg', '英语硕士，担任中学英语老师，从教15年，有丰富的教学经验，曾经获得教学能手的荣誉称号。所带班级的英语成绩经常会有新的突破，尤其是对于如何提高学生的英语成绩有着独到的见解及独特的方法。好学生能够更好地发挥英语专长，后进生逐渐增强学习英语的信心。', '32589', '4NcP', '1', '1', '2019-04-07 00:19:14', '2019-04-07 00:19:14', '2019-04-07 00:51:26', null);
INSERT INTO `as_user` VALUES ('83', '史燕', '心彷徨的情感', '1', 'ceb06295d73ee99df5b19f3d98b1ba84', '1', '1', '1', '1', '1', null, null, null, 'hy1ua@263.net', '15901317040', '/file/upload/images/avatar/2019/4/avatar_2019040622271566469076.jpg', '王老师担任某中学物理老师。从事教育工作15年一直担任物理教师兼班主任工作。曾获省、市教研教改先进个人，“优秀班主任”等光荣称号，多次被学校评为“优秀教师”“先进德育工作者”。撰写的经验论文多次获国家、省、市级一、二等奖。', '21605', 'JMZg', '0', '1', '2019-04-07 00:19:14', '2019-04-07 00:19:14', '2019-04-07 00:51:26', null);
INSERT INTO `as_user` VALUES ('84', '林青', '恭喜你得了新人', '0', 'ceb06295d73ee99df5b19f3d98b1ba84', '0', '1', '1', '2', '1', null, null, null, 'vydqqutlzlkm@yahoo.com.cn', '15203003672', '/file/upload/images/avatar/2019/4/avatar_20190406222801710993234.jpg', '刘老师从事教育教学工作13年，在担任语文教学和班主任工作期间，积累了丰富的教学经验 曾参加省市、全国教育教学各项比赛多次荣获“教学竞赛一等奖”、“优秀教师”、“优秀中队辅导员”、“优秀辅导教师”，辅导学生参赛成绩显著。在“麓山”温暖的怀抱里，最幸福的是赢得了家长的信任，孩子们的喜爱。', '3878', 'Ja8E', '1', '1', '2019-04-07 00:19:14', '2019-04-07 00:19:14', '2019-04-07 00:51:26', null);
INSERT INTO `as_user` VALUES ('85', '钟天', '祝贺我得了新伤', '0', 'ceb06295d73ee99df5b19f3d98b1ba84', '1', '0', '0', '2', '1', null, null, null, 'zw637dt@googlemail.com', '15106991710', '/file/upload/images/avatar/2019/4/avatar_201904062230568804475.jpg', '曹老师 2006年毕业于师范大学数学系，并获得市优秀毕业生称号。2006年6月成为中学老师，担任数学教学、年级组长。 2008年获第三届“金铭杯”智慧型教师、优秀教师“记大功”奖励。2009年获得园丁奖、全国民办教育优秀教师称号。2010年获教育系统三八红旗手。2011年评为德育标兵。', '29089', 'hBH3', '0', '1', '2019-04-07 00:19:14', '2019-04-07 00:19:14', '2019-04-07 00:51:26', null);
INSERT INTO `as_user` VALUES ('86', '王明月', '曾想伴你久爱', '1', 'ceb06295d73ee99df5b19f3d98b1ba84', '1', '1', '1', '1', '2', null, null, null, '3x1un0co7f@sohu.com', '13205772653', '/file/upload/images/avatar/2019/4/avatar_20190406223319898230131.jpg', '文库一般指按照编辑计划，选择一定范围内已印行的或专门编写的作品成套出版的地方。也指网上的开放供网友在线分享文档的平台。', '38018', 'Wqwk', '0', '1', '2019-04-07 00:19:14', '2019-04-07 00:19:14', '2019-04-07 00:51:26', null);
INSERT INTO `as_user` VALUES ('87', '王纯', '曾情深似海', '0', 'ceb06295d73ee99df5b19f3d98b1ba84', '0', '1', '0', '1', '1', null, null, null, '68qbfkhhv54@yeah.net', '15107571841', '/file/upload/images/avatar/2019/4/avatar_20190406223443738176592.jpg', '我来自郑州，我是一名信息工程大学印刷工程专业应届本科即将毕业的学员。\r\n我的性格偏于内向，为人坦率、热情、讲求原则；处事乐观、专心、细致、头脑清醒；富有责任心、乐于助人。\r\n我还是一个正直忠诚、勤奋求实的人，会不断追求人格的自我完善；明显的特点是乐观自信、温和开朗、稳重宽厚，因此，我人际关系和谐，适应环境能力较强。爱好电脑、科普知识，喜欢钻研，正因为这些增强了我的实干精神，习惯事情或问题及早解决。\r\n最大的满足感在于该做的事顺利完成，以便有精力去关注其他，也就是追求感觉上的自我良好或优越感。最大的缺点是对没有秩序感的人可能缺乏足够的耐心，也可能因为心太细，会让别人误解我的一番好意。', '33687', 'LUhU', '0', '0', '2019-04-07 00:19:14', '2019-04-07 00:19:14', '2019-04-07 00:51:26', null);
INSERT INTO `as_user` VALUES ('88', '王坤', '书到用时方恨少', '1', 'ceb06295d73ee99df5b19f3d98b1ba84', '0', '0', '0', '2', '2', null, null, null, 'j12avs9y6b@0355.net', '15307214262', '/file/upload/images/avatar/2019/4/avatar_20190406224824138582381.jpg', '8月15日出生于湖南省张家界，毕业于中央民族大学音乐学院声乐硕士研究生，先后师从于湖南省艺术学校声乐教授梁琼老师、中央民族大学音乐学院声乐教授乌云陶丽老师和总政治部著名女高音歌唱家歌剧表演艺术家黄华丽老师，多次全国声乐比赛中斩获大奖。', '25495', 'beyi', '1', '0', '2019-04-07 00:19:15', '2019-04-07 00:19:15', '2019-04-07 00:51:26', null);
INSERT INTO `as_user` VALUES ('89', '苑林', '只能临时抱佛脚', '0', 'ceb06295d73ee99df5b19f3d98b1ba84', '0', '0', '0', '2', '2', null, null, null, 'sxi5c7v@qq.com', '13401890953', '/file/upload/images/avatar/2019/4/avatar_20190406224936338954203.jpg', '我是一个学弱', '35826', '06MK', '0', '1', '2019-04-07 00:19:15', '2019-04-07 00:19:15', '2019-04-07 00:51:27', null);
INSERT INTO `as_user` VALUES ('90', '许乾坤', '流年划破容颜', '1', 'ceb06295d73ee99df5b19f3d98b1ba84', '1', '0', '1', '1', '2', null, null, null, 'gevw7@163.net', '13407930836', '/file/upload/images/avatar/2019/4/avatar_20190406225028503913049.jpg', '1976年3月12日出生于安徽省芜湖市，华语影视女演员、歌手、导演、监制，取得了北京电影学院导演系硕士的学位。1993年，完成了个人首部电影作品《画魂》，从而开启了她的演艺生涯。1995年，首次担纲女主角，并完成了个人首部电视剧作品，在都市情感轻喜剧《姐姐妹妹闯北京》中饰演了白小雪。1998年，其主演的清装宫廷剧《还珠格格》播出，创造出收视率中国第一、', '44659', 'iYLY', '1', '0', '2019-04-07 00:19:15', '2019-04-07 00:19:15', '2019-04-07 00:51:27', null);
INSERT INTO `as_user` VALUES ('91', '王志焕', '流年染指悲伤', '1', 'ceb06295d73ee99df5b19f3d98b1ba84', '1', '1', '1', '1', '2', null, null, null, 'pz7n8faqk@163.net', '15300666038', '/file/upload/images/avatar/2019/4/avatar_2019040622512835343056.jpg', '吴建飞，1983年9月27日出生于浙江台州，中国内地影视男演员、歌手，毕业于北京电影学院。\r\n2006年参加东方卫视选秀娱乐节目《加油！好男儿》的比赛，获得全国季军，从而正式进入演艺圈。此后，他演唱《脆弱》《偏偏爱上你》等歌曲，并主演《铠甲勇士》《幸福三颗星》等影视作品。2007年，他跻身福布斯名人榜前100名。2011年，他凭借其在音乐电影《他来听我的演唱会》中的表现，获得第三届澳门国际电影节最佳新人奖。2013年，在电视剧《盛夏晚晴天》中饰演莫凌天。2018年在《壮志高飞》中饰演了罗冬一角', '7217', 'YCkq', '0', '0', '2019-04-07 00:19:15', '2019-04-07 00:19:15', '2019-04-07 00:51:27', null);
INSERT INTO `as_user` VALUES ('92', '宋丽', '没思绪的情调', '1', 'ceb06295d73ee99df5b19f3d98b1ba84', '0', '0', '0', '1', '2', null, null, null, 'auqup0d@163.net', '15902821092', '/file/upload/images/avatar/2019/4/avatar_20190406225230896226539.jpg', '许飞，1985年10月21日出生于吉林省四平市，中国内地流行乐女歌手、音乐创作人，毕业于中国人民解放军艺术学院音乐系。2006年，参加湖南卫视选秀娱乐节目《超级女声》的比赛，获得全国总决赛第六名；同年9月，发行首支个人单曲《那年夏天》。2007年，发行首张个人EP《也许，飞》。2008年4月22日，发行首张个人音乐专辑《恰许同学年少》，获得音乐先锋榜“内地最受欢迎先锋女歌手”等奖；', '2952', '0dAW', '0', '0', '2019-04-07 00:19:15', '2019-04-07 00:19:15', '2019-04-07 00:51:27', null);
INSERT INTO `as_user` VALUES ('93', '王丽波', '没头绪的情愫', '0', 'ceb06295d73ee99df5b19f3d98b1ba84', '0', '0', '1', '1', '1', null, null, null, 'ja2or299@aol.com', '15800600161', '/file/upload/images/avatar/2019/4/avatar_20190406225345906502699.jpg', '韩雪，1983年1月11日出生于江苏省苏州市姑苏区，中国内地女演员、歌手、影视制作人，毕业于上海戏剧学院表演系。2000年，韩雪参加并获得香港嘉禾影视公司主办的“世纪之星”影视歌新人大赛全国金奖，随后出演其首部大荧幕作品《浪漫樱花》，同年，韩雪以文化考试第一名的成绩被上海戏剧学院表演系录取；2003年12月，因在古装武侠剧《飞刀又见飞刀》中扮演冷小星而受到关注；', '2607', 'CQhW', '0', '1', '2019-04-07 00:19:15', '2019-04-07 00:19:15', '2019-04-07 00:51:27', null);
INSERT INTO `as_user` VALUES ('94', '曹殊', '月中薄雾漫漫白', '0', 'ceb06295d73ee99df5b19f3d98b1ba84', '0', '1', '0', '2', '1', null, null, null, 'apqt1kv8v5g@googlemail.com', '13506802328', '/static/home/images/user-head/1.jpg', 'This is my introduce...', '4511', 'S2SE', '1', '0', '2019-04-07 00:19:15', '2019-04-07 00:19:15', '2019-04-07 00:51:31', null);
INSERT INTO `as_user` VALUES ('95', '勾萍', '咬耳朵', '0', 'ceb06295d73ee99df5b19f3d98b1ba84', '0', '1', '0', '1', '1', null, null, null, '5eyrjv@yeah.net', '13302797076', '/file/upload/images/avatar/2019/4/avatar_20190406214135124811995.jpg', '我是一位高中数学老师，欢迎来提问骚扰', '25490', 'uHqD', '1', '1', '2019-04-07 00:19:15', '2019-04-07 00:19:15', '2019-04-07 00:51:31', null);
INSERT INTO `as_user` VALUES ('96', '王珊姗', '笑容疏离', '0', 'ceb06295d73ee99df5b19f3d98b1ba84', '1', '1', '1', '1', '2', null, null, null, 'ft3uomb8f3b2@qq.com', '15307697996', '/file/upload/images/avatar/2019/4/avatar_20190406220359982997351.jpg', '成龙（Jackie Chan），1954年4月7日出生于香港，祖籍安徽芜湖。中国香港男演员、导演、动作指导、制作人、编剧、歌手 [1]  。\r\n1971年以武师身份进入电影圈 [2]  。1978年主演《醉拳》成名，开创功夫喜剧片 [3]  。1980年自导自演《师弟出马》破香港历史票房纪录 [4]  。1985年创作《警察故事》系列。主演《A计划》《奇迹》《飞鹰计划》《我是谁》《十二生肖》等 [5-6]  。2005年《醉拳Ⅱ》入选《时代周刊》”全球史上百部最佳电影“ [7]  。成龙是首位蝉联金马奖最佳男主角的演员，首位获金鸡奖最佳男主角的港台演员 [8-9]  。\r\n1995年凭《红番区》打入美国好莱坞，破北美外语片票房纪录 [10-11]  。1998年《尖峰时刻》奠定其在好莱坞地位 [12]  ，2001年《尖峰时刻2》创华人演员主演好莱坞电影票房纪录 [13]  ，2007年《尖峰时刻3》片酬2000万美元加全球分红 [14]  。2012年被美国《纽约时报》评为“史上20位最伟大的动作影星”第一 [15]  ，2016年获奥斯卡终身成就奖', '14293', 'm3Vd', '1', '0', '2019-04-07 00:19:15', '2019-04-07 00:19:15', '2019-04-07 00:51:31', null);
INSERT INTO `as_user` VALUES ('97', '丁泉', '撩起裙子', '0', 'ceb06295d73ee99df5b19f3d98b1ba84', '0', '0', '0', '1', '2', null, null, null, 'cgk3z1@hotmail.com', '13106544606', '/file/upload/images/avatar/2019/4/avatar_201904062212503429152.jpg', '白老师，某重点中学化学老师，从教5年，有丰富的教学经验，将中考化学的重点，难点融会贯通，用鲜活的教学方法为学生讲解。在化学中考上有独到的见解和复习思路，受到学生的欢迎和认可。', '23224', 'PCHX', '0', '0', '2019-04-07 00:19:15', '2019-04-07 00:19:15', '2019-04-07 00:51:31', null);
INSERT INTO `as_user` VALUES ('98', '刘桥', '耳垂的温柔', '0', 'ceb06295d73ee99df5b19f3d98b1ba84', '1', '0', '1', '2', '1', null, null, null, 'ugwo9am1w@msn.com', '13801263317', '/file/upload/images/avatar/2019/4/avatar_20190406221836759766820.jpg', '高老师 毕业于内蒙古师范大学法学系。2006年7月进入学校担任文综课程教学。2008学年起一直担任初三年级的文综教学、2010年评为智慧型教师。作为初三年级的思想品德教师，连续五届思想品德学业考试取得第一的成绩。', '47705', '8FK7', '0', '1', '2019-04-07 00:19:15', '2019-04-07 00:19:15', '2019-04-07 00:51:31', null);
INSERT INTO `as_user` VALUES ('99', '王琳', '近水楼台', '0', 'ceb06295d73ee99df5b19f3d98b1ba84', '0', '1', '0', '2', '2', null, null, null, '8vjy5sidp@ask.com', '13605313376', '/file/upload/images/avatar/2019/4/avatar_20190406221937855435353.jpg', '毕业于南开大学，数学功底扎实，逻辑思维清晰，对待教学工作严肃认真，对学生尽职尽责。极具亲和力，课堂生动活泼，并能寓教于乐，激发学生的学习兴趣和积极性，促使学生养成良好的学习习惯。熟悉了解学生的心理，善于发现每一位学生的优点和特点，从而帮助他们取得更大的进步。', '24062', 'G3KD', '1', '0', '2019-04-07 00:19:15', '2019-04-07 00:19:15', '2019-04-07 00:51:31', null);
INSERT INTO `as_user` VALUES ('100', '马大帅', '踮脚亲你', '1', 'ceb06295d73ee99df5b19f3d98b1ba84', '0', '0', '1', '1', '1', null, null, null, 'fwr@263.net', '13302470221', '/file/upload/images/avatar/2019/4/avatar_2019040622203581846239.jpg', '张老师，毕业于上海师范大学外国语学院。2004年7月担任某中学英语老师，多年担任初三英语教学和班主任工作，现为中学高级教师，2008年9月评为金牌好老师、2010年9月评为先进教师，2011年4月记大功。', '22458', 'zZRA', '0', '0', '2019-04-07 00:19:15', '2019-04-07 00:19:15', '2019-04-07 00:51:31', null);
INSERT INTO `as_user` VALUES ('101', '李惠', '一院丁香雪', '0', 'ceb06295d73ee99df5b19f3d98b1ba84', '0', '0', '1', '1', '1', null, null, null, '9ypfksz92ia@hotmail.com', '13100925985', '/file/upload/images/avatar/2019/4/avatar_20190406222200386203266.jpg', '沈老师 毕业于师范大学汉语语言文学专业，2004年7月进入中学任教，担任初中语文教学和德育教导主任，现为中学高级教师。多次荣获优秀教师称号，2007年4月评为红旗中队优秀辅导员，2008年9月获优秀班主任铜奖，2008年10月荣获优秀班主任称号，2009年1月获第三届中学生现代文阅读大赛优秀指导奖，初中智慧型优秀教师称号，2010年5月“记大功”。', '18842', '530u', '0', '1', '2019-04-07 00:19:16', '2019-04-07 00:19:16', '2019-04-07 00:51:31', null);
INSERT INTO `as_user` VALUES ('102', '王华', '花树下酣睡', '0', 'ceb06295d73ee99df5b19f3d98b1ba84', '0', '1', '0', '1', '2', null, null, null, 'q31q972@sina.com', '13503668679', '/file/upload/images/avatar/2019/4/avatar_20190406222303894281773.jpg', '张青青，现任解题无忧专职英语教师。获得英语专业八级证书，高级教师资格证书。从事英语教学工作六年，于2015年加入解题无忧学习中心从事教学工作。张老师具有丰富的教学经验以及专业的学科知识，主要负责中考及高考英语课程的讲解及研发。人生格言是：诚挚的心灵，是学生情感的钥匙， 高尚的师德，是学生心灵的明镜。', '35115', '0M7i', '1', '1', '2019-04-07 00:19:16', '2019-04-07 00:19:16', '2019-04-07 00:51:31', null);
INSERT INTO `as_user` VALUES ('103', '贵刚', '伴灯火', '0', 'ceb06295d73ee99df5b19f3d98b1ba84', '1', '1', '1', '1', '2', null, null, null, 'njfkxfs1@gmail.com', '13106605037', '/file/upload/images/avatar/2019/4/avatar_20190406222402259985740.jpg', '英语硕士，担任中学英语老师，从教15年，有丰富的教学经验，曾经获得教学能手的荣誉称号。所带班级的英语成绩经常会有新的突破，尤其是对于如何提高学生的英语成绩有着独到的见解及独特的方法。好学生能够更好地发挥英语专长，后进生逐渐增强学习英语的信心。', '23765', 'pGJG', '0', '1', '2019-04-07 00:19:16', '2019-04-07 00:19:16', '2019-04-07 00:51:32', null);
INSERT INTO `as_user` VALUES ('104', '王迪', '纸月亮', '0', 'ceb06295d73ee99df5b19f3d98b1ba84', '1', '1', '1', '1', '2', null, null, null, 'ypi@163.net', '15502246478', '/file/upload/images/avatar/2019/4/avatar_20190406222506942875201.jpg', '王老师担任某中学物理老师。从事教育工作15年一直担任物理教师兼班主任工作。曾获省、市教研教改先进个人，“优秀班主任”等光荣称号，多次被学校评为“优秀教师”“先进德育工作者”。撰写的经验论文多次获国家、省、市级一、二等奖。', '31616', 'S4gJ', '1', '0', '2019-04-07 00:19:16', '2019-04-07 00:19:16', '2019-04-07 00:51:32', null);
INSERT INTO `as_user` VALUES ('105', '薛燕', '耳边碎念', '1', 'ceb06295d73ee99df5b19f3d98b1ba84', '0', '0', '0', '1', '2', null, null, null, 'hrmb8o7a@live.com', '13601201202', '/file/upload/images/avatar/2019/4/avatar_20190406222604562295414.jpg', '刘老师从事教育教学工作13年，在担任语文教学和班主任工作期间，积累了丰富的教学经验 曾参加省市、全国教育教学各项比赛多次荣获“教学竞赛一等奖”、“优秀教师”、“优秀中队辅导员”、“优秀辅导教师”，辅导学生参赛成绩显著。在“麓山”温暖的怀抱里，最幸福的是赢得了家长的信任，孩子们的喜爱。', '12783', 'r9Qd', '1', '0', '2019-04-07 00:19:16', '2019-04-07 00:19:16', '2019-04-07 00:51:32', null);
INSERT INTO `as_user` VALUES ('106', '王璇', '初恋栀子花', '0', 'ceb06295d73ee99df5b19f3d98b1ba84', '1', '1', '0', '1', '1', null, null, null, 'x2q6c6s3ucvl@yahoo.com.cn', '15500030184', '/file/upload/images/avatar/2019/4/avatar_2019040622271566469076.jpg', '曹老师 2006年毕业于师范大学数学系，并获得市优秀毕业生称号。2006年6月成为中学老师，担任数学教学、年级组长。 2008年获第三届“金铭杯”智慧型教师、优秀教师“记大功”奖励。2009年获得园丁奖、全国民办教育优秀教师称号。2010年获教育系统三八红旗手。2011年评为德育标兵。', '32881', 'YL8e', '1', '0', '2019-04-07 00:19:16', '2019-04-07 00:19:16', '2019-04-07 00:51:32', null);
INSERT INTO `as_user` VALUES ('107', '孙晶', '南巷清风', '0', 'ceb06295d73ee99df5b19f3d98b1ba84', '1', '1', '0', '2', '1', null, null, null, 'mazt2038aca@msn.com', '13808356187', '/file/upload/images/avatar/2019/4/avatar_20190406222801710993234.jpg', '文库一般指按照编辑计划，选择一定范围内已印行的或专门编写的作品成套出版的地方。也指网上的开放供网友在线分享文档的平台。', '47353', 'EbCq', '0', '0', '2019-04-07 00:19:16', '2019-04-07 00:19:16', '2019-04-07 00:51:32', null);
INSERT INTO `as_user` VALUES ('108', '许海涛', '叶落若相随', '0', 'ceb06295d73ee99df5b19f3d98b1ba84', '0', '1', '0', '2', '2', null, null, null, 'a975p7pbbb@3721.net', '15502333560', '/file/upload/images/avatar/2019/4/avatar_201904062230568804475.jpg', '我来自郑州，我是一名信息工程大学印刷工程专业应届本科即将毕业的学员。\r\n我的性格偏于内向，为人坦率、热情、讲求原则；处事乐观、专心、细致、头脑清醒；富有责任心、乐于助人。\r\n我还是一个正直忠诚、勤奋求实的人，会不断追求人格的自我完善；明显的特点是乐观自信、温和开朗、稳重宽厚，因此，我人际关系和谐，适应环境能力较强。爱好电脑、科普知识，喜欢钻研，正因为这些增强了我的实干精神，习惯事情或问题及早解决。\r\n最大的满足感在于该做的事顺利完成，以便有精力去关注其他，也就是追求感觉上的自我良好或优越感。最大的缺点是对没有秩序感的人可能缺乏足够的耐心，也可能因为心太细，会让别人误解我的一番好意。', '12865', 'acss', '1', '0', '2019-04-07 00:19:16', '2019-04-07 00:19:16', '2019-04-07 00:51:32', null);
INSERT INTO `as_user` VALUES ('109', '杨青', '蓝色之海', '1', 'ceb06295d73ee99df5b19f3d98b1ba84', '1', '1', '1', '1', '2', null, null, null, '9u427@126.com', '13300883313', '/file/upload/images/avatar/2019/4/avatar_20190406223319898230131.jpg', '8月15日出生于湖南省张家界，毕业于中央民族大学音乐学院声乐硕士研究生，先后师从于湖南省艺术学校声乐教授梁琼老师、中央民族大学音乐学院声乐教授乌云陶丽老师和总政治部著名女高音歌唱家歌剧表演艺术家黄华丽老师，多次全国声乐比赛中斩获大奖。', '40729', '3RXY', '1', '0', '2019-04-07 00:19:16', '2019-04-07 00:19:16', '2019-04-07 00:51:32', null);
INSERT INTO `as_user` VALUES ('110', '崔林', '夏末的晨曦', '0', 'ceb06295d73ee99df5b19f3d98b1ba84', '0', '1', '1', '1', '2', null, null, null, 'ymeldl1n1pt@163.com', '13108063618', '/file/upload/images/avatar/2019/4/avatar_20190406223443738176592.jpg', '我是一个学弱', '38537', 'BM8h', '0', '1', '2019-04-07 00:19:16', '2019-04-07 00:19:16', '2019-04-07 00:51:32', null);
INSERT INTO `as_user` VALUES ('111', '王涛浩', '非比晴空', '0', 'ceb06295d73ee99df5b19f3d98b1ba84', '0', '0', '0', '1', '1', null, null, null, 'skyzi2i1agdc@ask.com', '13600731078', '/file/upload/images/avatar/2019/4/avatar_20190406224824138582381.jpg', '1976年3月12日出生于安徽省芜湖市，华语影视女演员、歌手、导演、监制，取得了北京电影学院导演系硕士的学位。1993年，完成了个人首部电影作品《画魂》，从而开启了她的演艺生涯。1995年，首次担纲女主角，并完成了个人首部电视剧作品，在都市情感轻喜剧《姐姐妹妹闯北京》中饰演了白小雪。1998年，其主演的清装宫廷剧《还珠格格》播出，创造出收视率中国第一、', '13166', 'pAuM', '0', '1', '2019-04-07 00:19:16', '2019-04-07 00:19:16', '2019-04-07 00:51:32', null);
INSERT INTO `as_user` VALUES ('112', '徐君君', '静候缘来', '1', 'ceb06295d73ee99df5b19f3d98b1ba84', '1', '0', '0', '2', '2', null, null, null, 'i8sa1zyok@aol.com', '15700517162', '/file/upload/images/avatar/2019/4/avatar_20190406224936338954203.jpg', '吴建飞，1983年9月27日出生于浙江台州，中国内地影视男演员、歌手，毕业于北京电影学院。\r\n2006年参加东方卫视选秀娱乐节目《加油！好男儿》的比赛，获得全国季军，从而正式进入演艺圈。此后，他演唱《脆弱》《偏偏爱上你》等歌曲，并主演《铠甲勇士》《幸福三颗星》等影视作品。2007年，他跻身福布斯名人榜前100名。2011年，他凭借其在音乐电影《他来听我的演唱会》中的表现，获得第三届澳门国际电影节最佳新人奖。2013年，在电视剧《盛夏晚晴天》中饰演莫凌天。2018年在《壮志高飞》中饰演了罗冬一角', '34251', 'zSnL', '1', '0', '2019-04-07 00:19:16', '2019-04-07 00:19:16', '2019-04-07 00:51:32', null);
INSERT INTO `as_user` VALUES ('113', '薛黎', '寄风给你', '0', 'ceb06295d73ee99df5b19f3d98b1ba84', '1', '1', '0', '2', '2', null, null, null, 'hq2chvsm@sina.com', '15904353128', '/file/upload/images/avatar/2019/4/avatar_20190406225028503913049.jpg', '许飞，1985年10月21日出生于吉林省四平市，中国内地流行乐女歌手、音乐创作人，毕业于中国人民解放军艺术学院音乐系。2006年，参加湖南卫视选秀娱乐节目《超级女声》的比赛，获得全国总决赛第六名；同年9月，发行首支个人单曲《那年夏天》。2007年，发行首张个人EP《也许，飞》。2008年4月22日，发行首张个人音乐专辑《恰许同学年少》，获得音乐先锋榜“内地最受欢迎先锋女歌手”等奖；', '6122', 'jPNL', '1', '1', '2019-04-07 00:19:16', '2019-04-07 00:19:16', '2019-04-07 00:51:32', null);
INSERT INTO `as_user` VALUES ('114', '王队哲', '流水指年', '0', 'ceb06295d73ee99df5b19f3d98b1ba84', '0', '0', '0', '2', '1', null, null, null, 'n97nhkk@0355.net', '13703417402', '/file/upload/images/avatar/2019/4/avatar_2019040622512835343056.jpg', 'This is my introduce...', '23968', 'dFvZ', '1', '1', '2019-04-07 00:19:16', '2019-04-07 00:19:16', '2019-04-07 00:51:36', null);
INSERT INTO `as_user` VALUES ('115', '徐高策', '深染樱花色', '1', 'ceb06295d73ee99df5b19f3d98b1ba84', '0', '1', '1', '2', '1', null, null, null, 'mrlv2@msn.com', '15208340139', '/file/upload/images/avatar/2019/4/avatar_20190406225230896226539.jpg', '我是一位高中数学老师，欢迎来提问骚扰', '15577', 'Mqs9', '0', '1', '2019-04-07 00:19:17', '2019-04-07 00:19:17', '2019-04-07 00:51:36', null);
INSERT INTO `as_user` VALUES ('116', '李年霞', '半寸时光', '0', 'ceb06295d73ee99df5b19f3d98b1ba84', '1', '0', '1', '1', '2', null, null, null, 'pu3hcjsmb@yahoo.com.cn', '15007314027', '/file/upload/images/avatar/2019/4/avatar_20190406225345906502699.jpg', '成龙（Jackie Chan），1954年4月7日出生于香港，祖籍安徽芜湖。中国香港男演员、导演、动作指导、制作人、编剧、歌手 [1]  。\r\n1971年以武师身份进入电影圈 [2]  。1978年主演《醉拳》成名，开创功夫喜剧片 [3]  。1980年自导自演《师弟出马》破香港历史票房纪录 [4]  。1985年创作《警察故事》系列。主演《A计划》《奇迹》《飞鹰计划》《我是谁》《十二生肖》等 [5-6]  。2005年《醉拳Ⅱ》入选《时代周刊》”全球史上百部最佳电影“ [7]  。成龙是首位蝉联金马奖最佳男主角的演员，首位获金鸡奖最佳男主角的港台演员 [8-9]  。\r\n1995年凭《红番区》打入美国好莱坞，破北美外语片票房纪录 [10-11]  。1998年《尖峰时刻》奠定其在好莱坞地位 [12]  ，2001年《尖峰时刻2》创华人演员主演好莱坞电影票房纪录 [13]  ，2007年《尖峰时刻3》片酬2000万美元加全球分红 [14]  。2012年被美国《纽约时报》评为“史上20位最伟大的动作影星”第一 [15]  ，2016年获奥斯卡终身成就奖', '29717', 'sJ8W', '0', '0', '2019-04-07 00:19:17', '2019-04-07 00:19:17', '2019-04-07 00:51:36', null);
INSERT INTO `as_user` VALUES ('117', '刘璐', '韶华倾负', '0', 'ceb06295d73ee99df5b19f3d98b1ba84', '0', '1', '1', '2', '2', null, null, null, 'wsn0ml99tyzv@live.com', '13800768976', '/static/home/images/user-head/1.jpg', '白老师，某重点中学化学老师，从教5年，有丰富的教学经验，将中考化学的重点，难点融会贯通，用鲜活的教学方法为学生讲解。在化学中考上有独到的见解和复习思路，受到学生的欢迎和认可。', '11823', 'Gbjb', '1', '1', '2019-04-07 00:19:17', '2019-04-07 00:19:17', '2019-04-07 00:51:36', null);
INSERT INTO `as_user` VALUES ('118', '王萌', '浮生若梦', '1', 'ceb06295d73ee99df5b19f3d98b1ba84', '0', '1', '0', '2', '2', null, null, null, 'p47d9fqjj@qq.com', '13305135660', '/file/upload/images/avatar/2019/4/avatar_20190406214135124811995.jpg', '高老师 毕业于内蒙古师范大学法学系。2006年7月进入学校担任文综课程教学。2008学年起一直担任初三年级的文综教学、2010年评为智慧型教师。作为初三年级的思想品德教师，连续五届思想品德学业考试取得第一的成绩。', '12043', 'zSZu', '1', '0', '2019-04-07 00:19:17', '2019-04-07 00:19:17', '2019-04-07 00:51:36', null);
INSERT INTO `as_user` VALUES ('119', '胡林', '晨曦微暖', '1', 'ceb06295d73ee99df5b19f3d98b1ba84', '0', '1', '1', '1', '1', null, null, null, 'h4io7h@msn.com', '15600107800', '/file/upload/images/avatar/2019/4/avatar_20190406220359982997351.jpg', '毕业于南开大学，数学功底扎实，逻辑思维清晰，对待教学工作严肃认真，对学生尽职尽责。极具亲和力，课堂生动活泼，并能寓教于乐，激发学生的学习兴趣和积极性，促使学生养成良好的学习习惯。熟悉了解学生的心理，善于发现每一位学生的优点和特点，从而帮助他们取得更大的进步。', '42153', '410G', '0', '0', '2019-04-07 00:19:17', '2019-04-07 00:19:17', '2019-04-07 00:51:36', null);
INSERT INTO `as_user` VALUES ('120', '王垒', '风追烟花雨', '1', 'ceb06295d73ee99df5b19f3d98b1ba84', '0', '0', '1', '1', '1', null, null, null, 'suuw1ao@qq.com', '15306284749', '/file/upload/images/avatar/2019/4/avatar_201904062212503429152.jpg', '张老师，毕业于上海师范大学外国语学院。2004年7月担任某中学英语老师，多年担任初三英语教学和班主任工作，现为中学高级教师，2008年9月评为金牌好老师、2010年9月评为先进教师，2011年4月记大功。', '27040', 'tE94', '0', '0', '2019-04-07 00:19:17', '2019-04-07 00:19:17', '2019-04-07 00:51:36', null);
INSERT INTO `as_user` VALUES ('121', '胡宁', '月光白', '1', 'ceb06295d73ee99df5b19f3d98b1ba84', '1', '1', '1', '2', '2', null, null, null, 'hg72hvt8@aol.com', '15905722294', '/file/upload/images/avatar/2019/4/avatar_20190406221836759766820.jpg', '沈老师 毕业于师范大学汉语语言文学专业，2004年7月进入中学任教，担任初中语文教学和德育教导主任，现为中学高级教师。多次荣获优秀教师称号，2007年4月评为红旗中队优秀辅导员，2008年9月获优秀班主任铜奖，2008年10月荣获优秀班主任称号，2009年1月获第三届中学生现代文阅读大赛优秀指导奖，初中智慧型优秀教师称号，2010年5月“记大功”。', '21787', '2frp', '0', '0', '2019-04-07 00:19:17', '2019-04-07 00:19:17', '2019-04-07 00:51:36', null);
INSERT INTO `as_user` VALUES ('122', '刘勇', '柠萌味的西瓜', '0', 'ceb06295d73ee99df5b19f3d98b1ba84', '0', '0', '0', '2', '2', null, null, null, '4wwu@live.com', '13308021687', '/file/upload/images/avatar/2019/4/avatar_20190406221937855435353.jpg', '张青青，现任解题无忧专职英语教师。获得英语专业八级证书，高级教师资格证书。从事英语教学工作六年，于2015年加入解题无忧学习中心从事教学工作。张老师具有丰富的教学经验以及专业的学科知识，主要负责中考及高考英语课程的讲解及研发。人生格言是：诚挚的心灵，是学生情感的钥匙， 高尚的师德，是学生心灵的明镜。', '2012', 'rcLd', '0', '1', '2019-04-07 00:19:17', '2019-04-07 00:19:17', '2019-04-07 00:51:36', null);
INSERT INTO `as_user` VALUES ('123', '马飞', '微凉晨光', '1', 'ceb06295d73ee99df5b19f3d98b1ba84', '1', '0', '0', '1', '1', null, null, null, 'p93j@sohu.com', '13603472145', '/file/upload/images/avatar/2019/4/avatar_2019040622203581846239.jpg', 'This is my introduce...', '19813', 'rsN6', '0', '1', '2019-04-07 00:19:17', '2019-04-07 00:19:17', '2019-04-07 00:51:41', null);
INSERT INTO `as_user` VALUES ('124', '李靖', '笑若桃花', '0', 'ceb06295d73ee99df5b19f3d98b1ba84', '0', '1', '0', '1', '1', null, null, null, 'dzhbeud@163.com', '15101925222', '/file/upload/images/avatar/2019/4/avatar_20190406222200386203266.jpg', '我是一位高中数学老师，欢迎来提问骚扰', '37669', 'iYtv', '0', '0', '2019-04-07 00:19:17', '2019-04-07 00:19:17', '2019-04-07 00:51:41', null);
INSERT INTO `as_user` VALUES ('125', '王额赛', '暖风吹怀', '1', 'ceb06295d73ee99df5b19f3d98b1ba84', '1', '1', '0', '1', '2', null, null, null, 'kcq@163.com', '15705659074', '/file/upload/images/avatar/2019/4/avatar_20190406222303894281773.jpg', '成龙（Jackie Chan），1954年4月7日出生于香港，祖籍安徽芜湖。中国香港男演员、导演、动作指导、制作人、编剧、歌手 [1]  。\r\n1971年以武师身份进入电影圈 [2]  。1978年主演《醉拳》成名，开创功夫喜剧片 [3]  。1980年自导自演《师弟出马》破香港历史票房纪录 [4]  。1985年创作《警察故事》系列。主演《A计划》《奇迹》《飞鹰计划》《我是谁》《十二生肖》等 [5-6]  。2005年《醉拳Ⅱ》入选《时代周刊》”全球史上百部最佳电影“ [7]  。成龙是首位蝉联金马奖最佳男主角的演员，首位获金鸡奖最佳男主角的港台演员 [8-9]  。\r\n1995年凭《红番区》打入美国好莱坞，破北美外语片票房纪录 [10-11]  。1998年《尖峰时刻》奠定其在好莱坞地位 [12]  ，2001年《尖峰时刻2》创华人演员主演好莱坞电影票房纪录 [13]  ，2007年《尖峰时刻3》片酬2000万美元加全球分红 [14]  。2012年被美国《纽约时报》评为“史上20位最伟大的动作影星”第一 [15]  ，2016年获奥斯卡终身成就奖', '49617', 'danj', '1', '1', '2019-04-07 00:19:17', '2019-04-07 00:19:17', '2019-04-07 00:51:41', null);
INSERT INTO `as_user` VALUES ('126', '路干', '趣味萌', '1', 'ceb06295d73ee99df5b19f3d98b1ba84', '1', '1', '0', '2', '1', null, null, null, 'jdj@yeah.net', '15106020612', '/file/upload/images/avatar/2019/4/avatar_20190406222402259985740.jpg', '白老师，某重点中学化学老师，从教5年，有丰富的教学经验，将中考化学的重点，难点融会贯通，用鲜活的教学方法为学生讲解。在化学中考上有独到的见解和复习思路，受到学生的欢迎和认可。', '31189', 'pvUY', '1', '0', '2019-04-07 00:19:17', '2019-04-07 00:19:17', '2019-04-07 00:51:41', null);
INSERT INTO `as_user` VALUES ('127', '王军川', '柠檬水', '1', 'ceb06295d73ee99df5b19f3d98b1ba84', '1', '0', '1', '1', '1', null, null, null, 'ay1fslgg8@sohu.com', '15703921448', '/file/upload/images/avatar/2019/4/avatar_20190406222506942875201.jpg', '高老师 毕业于内蒙古师范大学法学系。2006年7月进入学校担任文综课程教学。2008学年起一直担任初三年级的文综教学、2010年评为智慧型教师。作为初三年级的思想品德教师，连续五届思想品德学业考试取得第一的成绩。', '30276', 'aB7z', '0', '1', '2019-04-07 00:19:17', '2019-04-07 00:19:17', '2019-04-07 00:51:42', null);
INSERT INTO `as_user` VALUES ('128', '路通', '石榴薄荷', '0', 'ceb06295d73ee99df5b19f3d98b1ba84', '1', '0', '1', '2', '2', null, null, null, 'ncvk84k@163.net', '13603863437', '/file/upload/images/avatar/2019/4/avatar_20190406222604562295414.jpg', '毕业于南开大学，数学功底扎实，逻辑思维清晰，对待教学工作严肃认真，对学生尽职尽责。极具亲和力，课堂生动活泼，并能寓教于乐，激发学生的学习兴趣和积极性，促使学生养成良好的学习习惯。熟悉了解学生的心理，善于发现每一位学生的优点和特点，从而帮助他们取得更大的进步。', '33340', '7JXH', '0', '0', '2019-04-07 00:19:18', '2019-04-07 00:19:18', '2019-04-07 00:51:42', null);
INSERT INTO `as_user` VALUES ('129', '刘森', '细雨挽轻裳', '0', 'ceb06295d73ee99df5b19f3d98b1ba84', '1', '0', '1', '2', '2', null, null, null, 'fx7c6zdpy@163.net', '13103925900', '/file/upload/images/avatar/2019/4/avatar_2019040622271566469076.jpg', '张老师，毕业于上海师范大学外国语学院。2004年7月担任某中学英语老师，多年担任初三英语教学和班主任工作，现为中学高级教师，2008年9月评为金牌好老师、2010年9月评为先进教师，2011年4月记大功。', '48326', 'KrxF', '0', '0', '2019-04-07 00:19:18', '2019-04-07 00:19:18', '2019-04-07 00:51:42', null);
INSERT INTO `as_user` VALUES ('130', '王明佳', '清风耳畔拂', '0', 'ceb06295d73ee99df5b19f3d98b1ba84', '1', '0', '0', '1', '2', null, null, null, '1wevy41z@googlemail.com', '13603256086', '/file/upload/images/avatar/2019/4/avatar_20190406222801710993234.jpg', '沈老师 毕业于师范大学汉语语言文学专业，2004年7月进入中学任教，担任初中语文教学和德育教导主任，现为中学高级教师。多次荣获优秀教师称号，2007年4月评为红旗中队优秀辅导员，2008年9月获优秀班主任铜奖，2008年10月荣获优秀班主任称号，2009年1月获第三届中学生现代文阅读大赛优秀指导奖，初中智慧型优秀教师称号，2010年5月“记大功”。', '39652', 'MLzx', '1', '0', '2019-04-07 00:19:18', '2019-04-07 00:19:18', '2019-04-07 00:51:42', null);
INSERT INTO `as_user` VALUES ('131', '于洋', '桔味美人', '1', 'ceb06295d73ee99df5b19f3d98b1ba84', '0', '0', '1', '1', '1', null, null, null, '2bwilmn6@live.com', '13707093572', '/file/upload/images/avatar/2019/4/avatar_201904062230568804475.jpg', '张青青，现任解题无忧专职英语教师。获得英语专业八级证书，高级教师资格证书。从事英语教学工作六年，于2015年加入解题无忧学习中心从事教学工作。张老师具有丰富的教学经验以及专业的学科知识，主要负责中考及高考英语课程的讲解及研发。人生格言是：诚挚的心灵，是学生情感的钥匙， 高尚的师德，是学生心灵的明镜。', '8955', 'EgJz', '0', '0', '2019-04-07 00:19:18', '2019-04-07 00:19:18', '2019-04-07 00:51:42', null);
INSERT INTO `as_user` VALUES ('132', '崔华', '草莓味少女心', '0', 'ceb06295d73ee99df5b19f3d98b1ba84', '1', '1', '1', '1', '1', null, null, null, 'ue9dxn@0355.net', '15503006952', '/file/upload/images/avatar/2019/4/avatar_20190406223319898230131.jpg', '英语硕士，担任中学英语老师，从教15年，有丰富的教学经验，曾经获得教学能手的荣誉称号。所带班级的英语成绩经常会有新的突破，尤其是对于如何提高学生的英语成绩有着独到的见解及独特的方法。好学生能够更好地发挥英语专长，后进生逐渐增强学习英语的信心。', '18426', '7KQD', '0', '0', '2019-04-07 00:19:18', '2019-04-07 00:19:18', '2019-04-07 00:51:42', null);
INSERT INTO `as_user` VALUES ('133', '王凤飞', '文静如你', '0', 'ceb06295d73ee99df5b19f3d98b1ba84', '0', '0', '0', '2', '2', null, null, null, 'jzacn1@yahoo.com', '13801846650', '/file/upload/images/avatar/2019/4/avatar_20190406223443738176592.jpg', '王老师担任某中学物理老师。从事教育工作15年一直担任物理教师兼班主任工作。曾获省、市教研教改先进个人，“优秀班主任”等光荣称号，多次被学校评为“优秀教师”“先进德育工作者”。撰写的经验论文多次获国家、省、市级一、二等奖。', '25644', 'Z4pt', '1', '0', '2019-04-07 00:19:18', '2019-04-07 00:19:18', '2019-04-07 00:51:42', null);
INSERT INTO `as_user` VALUES ('134', '孙辉', '粉色肩带', '0', 'ceb06295d73ee99df5b19f3d98b1ba84', '0', '1', '1', '2', '2', null, null, null, '63ek@ask.com', '13707502989', '/file/upload/images/avatar/2019/4/avatar_20190406224824138582381.jpg', '刘老师从事教育教学工作13年，在担任语文教学和班主任工作期间，积累了丰富的教学经验 曾参加省市、全国教育教学各项比赛多次荣获“教学竞赛一等奖”、“优秀教师”、“优秀中队辅导员”、“优秀辅导教师”，辅导学生参赛成绩显著。在“麓山”温暖的怀抱里，最幸福的是赢得了家长的信任，孩子们的喜爱。', '31200', '1UFn', '1', '0', '2019-04-07 00:19:18', '2019-04-07 00:19:18', '2019-04-07 00:51:42', null);
INSERT INTO `as_user` VALUES ('135', '王号鹏', '薄荷茶', '0', 'ceb06295d73ee99df5b19f3d98b1ba84', '1', '1', '0', '2', '2', null, null, null, 'ldmrhpic@ask.com', '13708327419', '/file/upload/images/avatar/2019/4/avatar_20190406224936338954203.jpg', '曹老师 2006年毕业于师范大学数学系，并获得市优秀毕业生称号。2006年6月成为中学老师，担任数学教学、年级组长。 2008年获第三届“金铭杯”智慧型教师、优秀教师“记大功”奖励。2009年获得园丁奖、全国民办教育优秀教师称号。2010年获教育系统三八红旗手。2011年评为德育标兵。', '29781', 'dA4V', '0', '0', '2019-04-07 00:19:18', '2019-04-07 00:19:18', '2019-04-07 00:51:42', null);
INSERT INTO `as_user` VALUES ('136', '王峰', '向日葵少女', '1', 'ceb06295d73ee99df5b19f3d98b1ba84', '0', '1', '0', '1', '1', null, null, null, 'f47qy50u6@0355.net', '15104062593', '/file/upload/images/avatar/2019/4/avatar_20190406225028503913049.jpg', '文库一般指按照编辑计划，选择一定范围内已印行的或专门编写的作品成套出版的地方。也指网上的开放供网友在线分享文档的平台。', '29468', '399n', '1', '1', '2019-04-07 00:19:18', '2019-04-07 00:19:18', '2019-04-07 00:51:42', null);
INSERT INTO `as_user` VALUES ('137', '王宁', '远山芙蓉', '0', 'ceb06295d73ee99df5b19f3d98b1ba84', '1', '1', '1', '2', '1', null, null, null, 'i2k@263.net', '13908650842', '/file/upload/images/avatar/2019/4/avatar_2019040622512835343056.jpg', '我来自郑州，我是一名信息工程大学印刷工程专业应届本科即将毕业的学员。\r\n我的性格偏于内向，为人坦率、热情、讲求原则；处事乐观、专心、细致、头脑清醒；富有责任心、乐于助人。\r\n我还是一个正直忠诚、勤奋求实的人，会不断追求人格的自我完善；明显的特点是乐观自信、温和开朗、稳重宽厚，因此，我人际关系和谐，适应环境能力较强。爱好电脑、科普知识，喜欢钻研，正因为这些增强了我的实干精神，习惯事情或问题及早解决。\r\n最大的满足感在于该做的事顺利完成，以便有精力去关注其他，也就是追求感觉上的自我良好或优越感。最大的缺点是对没有秩序感的人可能缺乏足够的耐心，也可能因为心太细，会让别人误解我的一番好意。', '2898', 'cim7', '1', '0', '2019-04-07 00:19:18', '2019-04-07 00:19:18', '2019-04-07 00:51:42', null);
INSERT INTO `as_user` VALUES ('138', '曹室伟', '撩起裙角', '0', 'ceb06295d73ee99df5b19f3d98b1ba84', '1', '1', '0', '1', '1', null, null, null, 'c07rwo396az7@googlemail.com', '13401360509', '/file/upload/images/avatar/2019/4/avatar_20190406225230896226539.jpg', '8月15日出生于湖南省张家界，毕业于中央民族大学音乐学院声乐硕士研究生，先后师从于湖南省艺术学校声乐教授梁琼老师、中央民族大学音乐学院声乐教授乌云陶丽老师和总政治部著名女高音歌唱家歌剧表演艺术家黄华丽老师，多次全国声乐比赛中斩获大奖。', '30388', 'DRk3', '0', '0', '2019-04-07 00:19:18', '2019-04-07 00:19:18', '2019-04-07 00:51:42', null);
INSERT INTO `as_user` VALUES ('139', '王磊', '撑起纸伞', '0', 'ceb06295d73ee99df5b19f3d98b1ba84', '0', '0', '0', '1', '2', null, null, null, 'b52h47y14@googlemail.com', '15504835485', '/file/upload/images/avatar/2019/4/avatar_20190406225345906502699.jpg', '我是一个学弱', '22088', 'chM4', '0', '1', '2019-04-07 00:19:19', '2019-04-07 00:19:19', '2019-04-07 00:51:43', null);
INSERT INTO `as_user` VALUES ('140', '路健', '故乡梨花', '1', 'ceb06295d73ee99df5b19f3d98b1ba84', '1', '0', '1', '2', '1', null, null, null, 'id4ssna@yahoo.com.cn', '13102896068', '/static/home/images/user-head/1.jpg', '1976年3月12日出生于安徽省芜湖市，华语影视女演员、歌手、导演、监制，取得了北京电影学院导演系硕士的学位。1993年，完成了个人首部电影作品《画魂》，从而开启了她的演艺生涯。1995年，首次担纲女主角，并完成了个人首部电视剧作品，在都市情感轻喜剧《姐姐妹妹闯北京》中饰演了白小雪。1998年，其主演的清装宫廷剧《还珠格格》播出，创造出收视率中国第一、', '24666', 'wyvF', '1', '0', '2019-04-07 00:19:19', '2019-04-07 00:19:19', '2019-04-07 00:51:43', null);
INSERT INTO `as_user` VALUES ('141', '王鑫', '素手挽清风', '1', 'ceb06295d73ee99df5b19f3d98b1ba84', '1', '1', '1', '1', '2', null, null, null, '0sk5uv@sohu.com', '13505226775', '/file/upload/images/avatar/2019/4/avatar_20190406214135124811995.jpg', '吴建飞，1983年9月27日出生于浙江台州，中国内地影视男演员、歌手，毕业于北京电影学院。\r\n2006年参加东方卫视选秀娱乐节目《加油！好男儿》的比赛，获得全国季军，从而正式进入演艺圈。此后，他演唱《脆弱》《偏偏爱上你》等歌曲，并主演《铠甲勇士》《幸福三颗星》等影视作品。2007年，他跻身福布斯名人榜前100名。2011年，他凭借其在音乐电影《他来听我的演唱会》中的表现，获得第三届澳门国际电影节最佳新人奖。2013年，在电视剧《盛夏晚晴天》中饰演莫凌天。2018年在《壮志高飞》中饰演了罗冬一角', '23593', 'pdVK', '1', '1', '2019-04-07 00:19:19', '2019-04-07 00:19:19', '2019-04-07 00:51:43', null);
INSERT INTO `as_user` VALUES ('142', '王乾', '白云森林', '1', 'ceb06295d73ee99df5b19f3d98b1ba84', '0', '1', '0', '2', '1', null, null, null, '3i1rye1qznct@gmail.com', '15205142780', '/file/upload/images/avatar/2019/4/avatar_20190406220359982997351.jpg', '许飞，1985年10月21日出生于吉林省四平市，中国内地流行乐女歌手、音乐创作人，毕业于中国人民解放军艺术学院音乐系。2006年，参加湖南卫视选秀娱乐节目《超级女声》的比赛，获得全国总决赛第六名；同年9月，发行首支个人单曲《那年夏天》。2007年，发行首张个人EP《也许，飞》。2008年4月22日，发行首张个人音乐专辑《恰许同学年少》，获得音乐先锋榜“内地最受欢迎先锋女歌手”等奖；', '42856', 'd3z4', '1', '0', '2019-04-07 00:19:19', '2019-04-07 00:19:19', '2019-04-07 00:51:43', null);
INSERT INTO `as_user` VALUES ('143', '齐坤珂', '薄荷微凉', '0', 'ceb06295d73ee99df5b19f3d98b1ba84', '0', '0', '1', '2', '2', null, null, null, 'qn9zjw4lwqe@126.com', '15804543428', '/file/upload/images/avatar/2019/4/avatar_201904062212503429152.jpg', '韩雪，1983年1月11日出生于江苏省苏州市姑苏区，中国内地女演员、歌手、影视制作人，毕业于上海戏剧学院表演系。2000年，韩雪参加并获得香港嘉禾影视公司主办的“世纪之星”影视歌新人大赛全国金奖，随后出演其首部大荧幕作品《浪漫樱花》，同年，韩雪以文化考试第一名的成绩被上海戏剧学院表演系录取；2003年12月，因在古装武侠剧《飞刀又见飞刀》中扮演冷小星而受到关注；', '13492', '8870', '0', '1', '2019-04-07 00:19:19', '2019-04-07 00:19:19', '2019-04-07 00:51:43', null);
INSERT INTO `as_user` VALUES ('144', '王诚', '微风轻柔', '1', 'ceb06295d73ee99df5b19f3d98b1ba84', '1', '1', '0', '2', '2', null, null, null, '4qx1cxmpddf1@yahoo.com.cn', '13703013885', '/file/upload/images/avatar/2019/4/avatar_20190406221836759766820.jpg', '毛方圆，1987年9月10日出生于浙江省宁波市象山县，中国内地男演员、歌手，毕业于杭州艺术学校。\r\n2006年，报名参加东方卫视选秀娱乐节目《加油！好男儿》杭州赛区的比赛，获得杭州赛区五强、全国20强 [1]  。2007年，加入“兄弟联”组合 [2]  ；同年，兄弟联推出首张组合音乐专辑《兄弟联》 [3]  。2008年，出演个人首部电视剧《网球王子》 [4]  。2011年，获得第18届“东方风云榜”内地新人铜奖 [5]  ；同年，推出首支个人单曲《盗梦者》 [6]  。2013年，获得”美境中国绿色盛典“最佳人物奖 [7]  。2014年，出演陈星海执导的电影《探秘者》 [8]  。2015年，主演近代情感剧《左轮手枪》 [9]  ；同年，在都市悬疑网络剧《重生之名流巨星》中饰演牧哲白 [10]  。2016年，在古装传奇剧《醉玲珑》中饰演萧续 [11]  。同年出演电视剧《制裁者联盟》，饰演花东阁。 [12]  同年在网剧《颤抖吧，阿部》中饰演朵星舰长。 [12]  2017年1月16日，其主演的贺岁喜剧电影《菜鸟囧探》全网上线播出 [13]  ；同年4月，主演都市爱情网络剧《异地恋》 [14]  。同年9月参加综艺《零点食神》。 [15]  同年10月主演《少女四大名捕之白银惨案》。 [16]  同年11月，斩获亚洲音乐盛典“年度最佳影视歌曲奖”。 [16]  2018年，出演古装科幻网剧《颤抖吧阿部之朵星风云》', '11178', '1ip7', '1', '1', '2019-04-07 00:19:19', '2019-04-07 00:19:19', '2019-04-07 00:51:43', null);
INSERT INTO `as_user` VALUES ('145', '张号骞', '奶油桃子', '1', 'ceb06295d73ee99df5b19f3d98b1ba84', '1', '0', '0', '1', '2', null, null, null, 'hhodn@sina.com', '13206308171', '/file/upload/images/avatar/2019/4/avatar_20190406221937855435353.jpg', 'This is my introduce...', '31071', 'bAN2', '1', '1', '2019-04-07 00:19:19', '2019-04-07 00:19:19', '2019-04-07 00:51:48', null);
INSERT INTO `as_user` VALUES ('146', '范啊松', '傲娇货物', '1', 'ceb06295d73ee99df5b19f3d98b1ba84', '1', '0', '0', '1', '2', null, null, null, 'egdlyoxuk0@hotmail.com', '13203723566', '/file/upload/images/avatar/2019/4/avatar_2019040622203581846239.jpg', '我是一位高中数学老师，欢迎来提问骚扰', '36640', 'p2zD', '0', '0', '2019-04-07 00:19:19', '2019-04-07 00:19:19', '2019-04-07 00:51:48', null);
INSERT INTO `as_user` VALUES ('147', '于书', '甜馨', '0', 'ceb06295d73ee99df5b19f3d98b1ba84', '1', '1', '1', '2', '1', null, null, null, 'gf4jxs5@3721.net', '15205321293', '/file/upload/images/avatar/2019/4/avatar_20190406222200386203266.jpg', '成龙（Jackie Chan），1954年4月7日出生于香港，祖籍安徽芜湖。中国香港男演员、导演、动作指导、制作人、编剧、歌手 [1]  。\r\n1971年以武师身份进入电影圈 [2]  。1978年主演《醉拳》成名，开创功夫喜剧片 [3]  。1980年自导自演《师弟出马》破香港历史票房纪录 [4]  。1985年创作《警察故事》系列。主演《A计划》《奇迹》《飞鹰计划》《我是谁》《十二生肖》等 [5-6]  。2005年《醉拳Ⅱ》入选《时代周刊》”全球史上百部最佳电影“ [7]  。成龙是首位蝉联金马奖最佳男主角的演员，首位获金鸡奖最佳男主角的港台演员 [8-9]  。\r\n1995年凭《红番区》打入美国好莱坞，破北美外语片票房纪录 [10-11]  。1998年《尖峰时刻》奠定其在好莱坞地位 [12]  ，2001年《尖峰时刻2》创华人演员主演好莱坞电影票房纪录 [13]  ，2007年《尖峰时刻3》片酬2000万美元加全球分红 [14]  。2012年被美国《纽约时报》评为“史上20位最伟大的动作影星”第一 [15]  ，2016年获奥斯卡终身成就奖', '28890', 'DjMH', '0', '1', '2019-04-07 00:19:19', '2019-04-07 00:19:19', '2019-04-07 00:51:48', null);
INSERT INTO `as_user` VALUES ('148', '郭华', '旋风奥利奥', '1', 'ceb06295d73ee99df5b19f3d98b1ba84', '1', '0', '0', '2', '1', null, null, null, 'tv4566a0kxn@live.com', '15904360917', '/file/upload/images/avatar/2019/4/avatar_20190406222303894281773.jpg', '白老师，某重点中学化学老师，从教5年，有丰富的教学经验，将中考化学的重点，难点融会贯通，用鲜活的教学方法为学生讲解。在化学中考上有独到的见解和复习思路，受到学生的欢迎和认可。', '41960', 'AUUd', '1', '0', '2019-04-07 00:19:19', '2019-04-07 00:19:19', '2019-04-07 00:51:48', null);
INSERT INTO `as_user` VALUES ('149', '张敏', '幼儿园打手', '1', 'ceb06295d73ee99df5b19f3d98b1ba84', '1', '1', '0', '1', '2', null, null, null, '0c599e912hd@gmail.com', '13606211868', '/file/upload/images/avatar/2019/4/avatar_20190406222402259985740.jpg', '高老师 毕业于内蒙古师范大学法学系。2006年7月进入学校担任文综课程教学。2008学年起一直担任初三年级的文综教学、2010年评为智慧型教师。作为初三年级的思想品德教师，连续五届思想品德学业考试取得第一的成绩。', '14090', '9H8n', '0', '1', '2019-04-07 00:19:19', '2019-04-07 00:19:19', '2019-04-07 00:51:48', null);
INSERT INTO `as_user` VALUES ('150', '王青', '余生请你指教', '0', 'ceb06295d73ee99df5b19f3d98b1ba84', '1', '1', '0', '2', '1', null, null, null, 't9nagaogp@yeah.net', '15902971165', '/file/upload/images/avatar/2019/4/avatar_20190406222506942875201.jpg', '毕业于南开大学，数学功底扎实，逻辑思维清晰，对待教学工作严肃认真，对学生尽职尽责。极具亲和力，课堂生动活泼，并能寓教于乐，激发学生的学习兴趣和积极性，促使学生养成良好的学习习惯。熟悉了解学生的心理，善于发现每一位学生的优点和特点，从而帮助他们取得更大的进步。', '46789', '1QQ0', '0', '0', '2019-04-07 00:19:19', '2019-04-07 00:19:19', '2019-04-07 00:51:49', null);
INSERT INTO `as_user` VALUES ('151', '阳爽', '像雾像雨又像风', '0', 'ceb06295d73ee99df5b19f3d98b1ba84', '0', '0', '0', '1', '1', null, null, null, '7i4ea9qw@yahoo.com', '13607203348', '/file/upload/images/avatar/2019/4/avatar_20190406222604562295414.jpg', '张老师，毕业于上海师范大学外国语学院。2004年7月担任某中学英语老师，多年担任初三英语教学和班主任工作，现为中学高级教师，2008年9月评为金牌好老师、2010年9月评为先进教师，2011年4月记大功。', '6888', 'ekP1', '0', '0', '2019-04-07 00:19:19', '2019-04-07 00:19:19', '2019-04-07 00:51:49', null);
INSERT INTO `as_user` VALUES ('152', '曹可', '小娘年少不无知', '1', 'ceb06295d73ee99df5b19f3d98b1ba84', '1', '0', '0', '1', '1', null, null, null, 'c76o6cwi0f9@msn.com', '13701497417', '/file/upload/images/avatar/2019/4/avatar_2019040622271566469076.jpg', '沈老师 毕业于师范大学汉语语言文学专业，2004年7月进入中学任教，担任初中语文教学和德育教导主任，现为中学高级教师。多次荣获优秀教师称号，2007年4月评为红旗中队优秀辅导员，2008年9月获优秀班主任铜奖，2008年10月荣获优秀班主任称号，2009年1月获第三届中学生现代文阅读大赛优秀指导奖，初中智慧型优秀教师称号，2010年5月“记大功”。', '40391', '9HjY', '1', '1', '2019-04-07 00:19:19', '2019-04-07 00:19:19', '2019-04-07 00:51:49', null);
INSERT INTO `as_user` VALUES ('153', '张明帅', '半醉半醒半想你', '0', 'ceb06295d73ee99df5b19f3d98b1ba84', '1', '0', '0', '1', '2', null, null, null, 'm10kjsunbz@gmail.com', '15306881055', '/file/upload/images/avatar/2019/4/avatar_20190406214135124811995.jpg', '张青青，现任解题无忧专职英语教师。获得英语专业八级证书，高级教师资格证书。从事英语教学工作六年，于2015年加入解题无忧学习中心从事教学工作。张老师具有丰富的教学经验以及专业的学科知识，主要负责中考及高考英语课程的讲解及研发。人生格言是：诚挚的心灵，是学生情感的钥匙， 高尚的师德，是学生心灵的明镜。', '24165', '87Az', '1', '0', '2019-04-07 00:19:20', '2019-04-07 00:19:20', '2019-04-07 00:51:49', null);
INSERT INTO `as_user` VALUES ('154', '林佳', '独领风情', '1', 'ceb06295d73ee99df5b19f3d98b1ba84', '0', '1', '1', '2', '2', null, null, null, 'rz8nvr2@163.net', '13703837943', '/file/upload/images/avatar/2019/4/avatar_20190406220359982997351.jpg', '英语硕士，担任中学英语老师，从教15年，有丰富的教学经验，曾经获得教学能手的荣誉称号。所带班级的英语成绩经常会有新的突破，尤其是对于如何提高学生的英语成绩有着独到的见解及独特的方法。好学生能够更好地发挥英语专长，后进生逐渐增强学习英语的信心。', '13051', 'fZZW', '0', '1', '2019-04-07 00:19:20', '2019-04-07 00:19:20', '2019-04-07 00:51:49', null);
INSERT INTO `as_user` VALUES ('155', '韩玲', '薄荷味的小清新', '1', 'ceb06295d73ee99df5b19f3d98b1ba84', '1', '0', '1', '1', '1', null, null, null, 'bl93z4t5@googlemail.com', '13907665130', '/file/upload/images/avatar/2019/4/avatar_201904062212503429152.jpg', '王老师担任某中学物理老师。从事教育工作15年一直担任物理教师兼班主任工作。曾获省、市教研教改先进个人，“优秀班主任”等光荣称号，多次被学校评为“优秀教师”“先进德育工作者”。撰写的经验论文多次获国家、省、市级一、二等奖。', '8837', 'B1Uc', '1', '0', '2019-04-07 00:19:20', '2019-04-07 00:19:20', '2019-04-07 00:51:49', null);
INSERT INTO `as_user` VALUES ('156', '户村鹏', '青春综合症', '1', 'ceb06295d73ee99df5b19f3d98b1ba84', '1', '1', '0', '2', '2', null, null, null, 'gq1w@msn.com', '13304040017', '/file/upload/images/avatar/2019/4/avatar_20190406221836759766820.jpg', '刘老师从事教育教学工作13年，在担任语文教学和班主任工作期间，积累了丰富的教学经验 曾参加省市、全国教育教学各项比赛多次荣获“教学竞赛一等奖”、“优秀教师”、“优秀中队辅导员”、“优秀辅导教师”，辅导学生参赛成绩显著。在“麓山”温暖的怀抱里，最幸福的是赢得了家长的信任，孩子们的喜爱。', '29987', 'PRxN', '0', '1', '2019-04-07 00:19:20', '2019-04-07 00:19:20', '2019-04-07 00:51:49', null);
INSERT INTO `as_user` VALUES ('157', '王青', '酒醉三分醒', '0', 'ceb06295d73ee99df5b19f3d98b1ba84', '0', '0', '1', '2', '2', null, null, null, '61e@yahoo.com.cn', '15608831524', '/file/upload/images/avatar/2019/4/avatar_20190406221937855435353.jpg', '曹老师 2006年毕业于师范大学数学系，并获得市优秀毕业生称号。2006年6月成为中学老师，担任数学教学、年级组长。 2008年获第三届“金铭杯”智慧型教师、优秀教师“记大功”奖励。2009年获得园丁奖、全国民办教育优秀教师称号。2010年获教育系统三八红旗手。2011年评为德育标兵。', '3162', 'gbAv', '1', '1', '2019-04-07 00:19:20', '2019-04-07 00:19:20', '2019-04-07 00:51:49', null);
INSERT INTO `as_user` VALUES ('158', '韩赛', '有梦就不怕痛', '0', 'ceb06295d73ee99df5b19f3d98b1ba84', '1', '0', '1', '2', '1', null, null, null, 'b81b8m4@msn.com', '15102834255', '/file/upload/images/avatar/2019/4/avatar_2019040622203581846239.jpg', '文库一般指按照编辑计划，选择一定范围内已印行的或专门编写的作品成套出版的地方。也指网上的开放供网友在线分享文档的平台。', '23909', '2Hgj', '1', '1', '2019-04-07 00:19:20', '2019-04-07 00:19:20', '2019-04-07 00:51:49', null);
INSERT INTO `as_user` VALUES ('159', '周额旋', '不见不散', '0', 'ceb06295d73ee99df5b19f3d98b1ba84', '1', '0', '1', '2', '2', null, null, null, 'll91psb@gmail.com', '13606151176', '/file/upload/images/avatar/2019/4/avatar_20190406222200386203266.jpg', '我来自郑州，我是一名信息工程大学印刷工程专业应届本科即将毕业的学员。\r\n我的性格偏于内向，为人坦率、热情、讲求原则；处事乐观、专心、细致、头脑清醒；富有责任心、乐于助人。\r\n我还是一个正直忠诚、勤奋求实的人，会不断追求人格的自我完善；明显的特点是乐观自信、温和开朗、稳重宽厚，因此，我人际关系和谐，适应环境能力较强。爱好电脑、科普知识，喜欢钻研，正因为这些增强了我的实干精神，习惯事情或问题及早解决。\r\n最大的满足感在于该做的事顺利完成，以便有精力去关注其他，也就是追求感觉上的自我良好或优越感。最大的缺点是对没有秩序感的人可能缺乏足够的耐心，也可能因为心太细，会让别人误解我的一番好意。', '42113', 'NhE0', '0', '1', '2019-04-07 00:19:20', '2019-04-07 00:19:20', '2019-04-07 00:51:49', null);
INSERT INTO `as_user` VALUES ('160', '韩笑', '无法输入', '0', 'ceb06295d73ee99df5b19f3d98b1ba84', '1', '1', '1', '1', '1', null, null, null, 'v2y26v0xe@126.com', '15700934970', '/file/upload/images/avatar/2019/4/avatar_20190406222303894281773.jpg', '8月15日出生于湖南省张家界，毕业于中央民族大学音乐学院声乐硕士研究生，先后师从于湖南省艺术学校声乐教授梁琼老师、中央民族大学音乐学院声乐教授乌云陶丽老师和总政治部著名女高音歌唱家歌剧表演艺术家黄华丽老师，多次全国声乐比赛中斩获大奖。', '34334', 'nTvu', '1', '1', '2019-04-07 00:19:20', '2019-04-07 00:19:20', '2019-04-07 00:51:49', null);
INSERT INTO `as_user` VALUES ('161', '王楠', '口实心非', '1', 'ceb06295d73ee99df5b19f3d98b1ba84', '0', '1', '1', '2', '2', null, null, null, 'ez1ex6k@ask.com', '13004572218', '/file/upload/images/avatar/2019/4/avatar_20190406222402259985740.jpg', '我是一个学弱', '47014', 'hyEZ', '0', '0', '2019-04-07 00:19:20', '2019-04-07 00:19:20', '2019-04-07 00:51:50', null);
INSERT INTO `as_user` VALUES ('162', '王霞', '大姐范', '0', 'ceb06295d73ee99df5b19f3d98b1ba84', '0', '0', '1', '2', '1', null, null, null, 'io5gme@hotmail.com', '15203160714', '/file/upload/images/avatar/2019/4/avatar_20190406222506942875201.jpg', '1976年3月12日出生于安徽省芜湖市，华语影视女演员、歌手、导演、监制，取得了北京电影学院导演系硕士的学位。1993年，完成了个人首部电影作品《画魂》，从而开启了她的演艺生涯。1995年，首次担纲女主角，并完成了个人首部电视剧作品，在都市情感轻喜剧《姐姐妹妹闯北京》中饰演了白小雪。1998年，其主演的清装宫廷剧《还珠格格》播出，创造出收视率中国第一、', '34879', 'Pnzc', '1', '1', '2019-04-07 00:19:20', '2019-04-07 00:19:20', '2019-04-07 00:51:50', null);
INSERT INTO `as_user` VALUES ('163', '邢丹', '心碎了梦醒了', '1', 'ceb06295d73ee99df5b19f3d98b1ba84', '0', '1', '0', '1', '1', null, null, null, 'q34701vbdud@gmail.com', '13503061349', '/file/upload/images/avatar/2019/4/avatar_20190406222604562295414.jpg', '吴建飞，1983年9月27日出生于浙江台州，中国内地影视男演员、歌手，毕业于北京电影学院。\r\n2006年参加东方卫视选秀娱乐节目《加油！好男儿》的比赛，获得全国季军，从而正式进入演艺圈。此后，他演唱《脆弱》《偏偏爱上你》等歌曲，并主演《铠甲勇士》《幸福三颗星》等影视作品。2007年，他跻身福布斯名人榜前100名。2011年，他凭借其在音乐电影《他来听我的演唱会》中的表现，获得第三届澳门国际电影节最佳新人奖。2013年，在电视剧《盛夏晚晴天》中饰演莫凌天。2018年在《壮志高飞》中饰演了罗冬一角', '2811', 'dwAy', '0', '0', '2019-04-07 00:19:20', '2019-04-07 00:19:20', '2019-04-07 00:51:50', null);
INSERT INTO `as_user` VALUES ('164', '王新', '酒入愁肠梦以空', '0', 'ceb06295d73ee99df5b19f3d98b1ba84', '0', '0', '0', '1', '2', null, null, null, 'k2k@0355.net', '15802150240', '/file/upload/images/avatar/2019/4/avatar_2019040622271566469076.jpg', '许飞，1985年10月21日出生于吉林省四平市，中国内地流行乐女歌手、音乐创作人，毕业于中国人民解放军艺术学院音乐系。2006年，参加湖南卫视选秀娱乐节目《超级女声》的比赛，获得全国总决赛第六名；同年9月，发行首支个人单曲《那年夏天》。2007年，发行首张个人EP《也许，飞》。2008年4月22日，发行首张个人音乐专辑《恰许同学年少》，获得音乐先锋榜“内地最受欢迎先锋女歌手”等奖；', '6931', 'wJGm', '0', '0', '2019-04-07 00:19:20', '2019-04-07 00:19:20', '2019-04-07 00:51:50', null);
INSERT INTO `as_user` VALUES ('165', '王额力', '爱恨随心', '1', 'ceb06295d73ee99df5b19f3d98b1ba84', '1', '1', '0', '1', '1', null, null, null, 'adka6kimwbos@ask.com', '15704487620', '/file/upload/images/avatar/2019/4/avatar_20190406222801710993234.jpg', '韩雪，1983年1月11日出生于江苏省苏州市姑苏区，中国内地女演员、歌手、影视制作人，毕业于上海戏剧学院表演系。2000年，韩雪参加并获得香港嘉禾影视公司主办的“世纪之星”影视歌新人大赛全国金奖，随后出演其首部大荧幕作品《浪漫樱花》，同年，韩雪以文化考试第一名的成绩被上海戏剧学院表演系录取；2003年12月，因在古装武侠剧《飞刀又见飞刀》中扮演冷小星而受到关注；', '101', 'Tvv1', '1', '1', '2019-04-07 00:19:21', '2019-04-07 00:19:21', '2019-04-07 00:51:50', null);
INSERT INTO `as_user` VALUES ('166', '王海', '自找没趣', '0', 'ceb06295d73ee99df5b19f3d98b1ba84', '1', '1', '1', '1', '2', null, null, null, 'hh2oswv2wu@yahoo.com.cn', '13308403465', '/file/upload/images/avatar/2019/4/avatar_201904062230568804475.jpg', '毛方圆，1987年9月10日出生于浙江省宁波市象山县，中国内地男演员、歌手，毕业于杭州艺术学校。\r\n2006年，报名参加东方卫视选秀娱乐节目《加油！好男儿》杭州赛区的比赛，获得杭州赛区五强、全国20强 [1]  。2007年，加入“兄弟联”组合 [2]  ；同年，兄弟联推出首张组合音乐专辑《兄弟联》 [3]  。2008年，出演个人首部电视剧《网球王子》 [4]  。2011年，获得第18届“东方风云榜”内地新人铜奖 [5]  ；同年，推出首支个人单曲《盗梦者》 [6]  。2013年，获得”美境中国绿色盛典“最佳人物奖 [7]  。2014年，出演陈星海执导的电影《探秘者》 [8]  。2015年，主演近代情感剧《左轮手枪》 [9]  ；同年，在都市悬疑网络剧《重生之名流巨星》中饰演牧哲白 [10]  。2016年，在古装传奇剧《醉玲珑》中饰演萧续 [11]  。同年出演电视剧《制裁者联盟》，饰演花东阁。 [12]  同年在网剧《颤抖吧，阿部》中饰演朵星舰长。 [12]  2017年1月16日，其主演的贺岁喜剧电影《菜鸟囧探》全网上线播出 [13]  ；同年4月，主演都市爱情网络剧《异地恋》 [14]  。同年9月参加综艺《零点食神》。 [15]  同年10月主演《少女四大名捕之白银惨案》。 [16]  同年11月，斩获亚洲音乐盛典“年度最佳影视歌曲奖”。 [16]  2018年，出演古装科幻网剧《颤抖吧阿部之朵星风云》', '10808', 'W0F0', '0', '1', '2019-04-07 00:19:21', '2019-04-07 00:19:21', '2019-04-07 00:51:50', null);
INSERT INTO `as_user` VALUES ('167', '郝春', '任凭寂寞沸腾', '1', 'ceb06295d73ee99df5b19f3d98b1ba84', '0', '0', '0', '1', '2', null, null, null, 'sdxc6vq0@263.net', '15202001974', '/file/upload/images/avatar/2019/4/avatar_20190406223319898230131.jpg', 'This is my introduce...', '20926', '03St', '0', '1', '2019-04-07 00:19:21', '2019-04-07 00:19:21', '2019-04-07 00:51:54', null);
INSERT INTO `as_user` VALUES ('168', '王王恒', '像风没有归宿', '0', 'ceb06295d73ee99df5b19f3d98b1ba84', '0', '1', '1', '2', '2', null, null, null, 'magyl@yahoo.com.cn', '13001033146', '/file/upload/images/avatar/2019/4/avatar_20190406223443738176592.jpg', '我是一位高中数学老师，欢迎来提问骚扰', '17831', 'nhHq', '1', '1', '2019-04-07 00:19:21', '2019-04-07 00:19:21', '2019-04-07 00:51:54', null);
INSERT INTO `as_user` VALUES ('169', '邢坤', '黑白灰祭奠想念', '1', 'ceb06295d73ee99df5b19f3d98b1ba84', '1', '0', '1', '2', '2', null, null, null, 'elc4e@0355.net', '13800315919', '/file/upload/images/avatar/2019/4/avatar_20190406224824138582381.jpg', '成龙（Jackie Chan），1954年4月7日出生于香港，祖籍安徽芜湖。中国香港男演员、导演、动作指导、制作人、编剧、歌手 [1]  。\r\n1971年以武师身份进入电影圈 [2]  。1978年主演《醉拳》成名，开创功夫喜剧片 [3]  。1980年自导自演《师弟出马》破香港历史票房纪录 [4]  。1985年创作《警察故事》系列。主演《A计划》《奇迹》《飞鹰计划》《我是谁》《十二生肖》等 [5-6]  。2005年《醉拳Ⅱ》入选《时代周刊》”全球史上百部最佳电影“ [7]  。成龙是首位蝉联金马奖最佳男主角的演员，首位获金鸡奖最佳男主角的港台演员 [8-9]  。\r\n1995年凭《红番区》打入美国好莱坞，破北美外语片票房纪录 [10-11]  。1998年《尖峰时刻》奠定其在好莱坞地位 [12]  ，2001年《尖峰时刻2》创华人演员主演好莱坞电影票房纪录 [13]  ，2007年《尖峰时刻3》片酬2000万美元加全球分红 [14]  。2012年被美国《纽约时报》评为“史上20位最伟大的动作影星”第一 [15]  ，2016年获奥斯卡终身成就奖', '28203', 'raam', '1', '0', '2019-04-07 00:19:21', '2019-04-07 00:19:21', '2019-04-07 00:51:54', null);
INSERT INTO `as_user` VALUES ('170', '王哦君', '新城已无旧少年', '1', 'ceb06295d73ee99df5b19f3d98b1ba84', '1', '0', '0', '2', '1', null, null, null, '3ztt1@263.net', '15604780393', '/file/upload/images/avatar/2019/4/avatar_20190406224936338954203.jpg', '白老师，某重点中学化学老师，从教5年，有丰富的教学经验，将中考化学的重点，难点融会贯通，用鲜活的教学方法为学生讲解。在化学中考上有独到的见解和复习思路，受到学生的欢迎和认可。', '24739', 'sVvT', '0', '0', '2019-04-07 00:19:21', '2019-04-07 00:19:21', '2019-04-07 00:51:54', null);
INSERT INTO `as_user` VALUES ('171', '刘晶', '归途的路', '1', 'ceb06295d73ee99df5b19f3d98b1ba84', '0', '0', '0', '2', '2', null, null, null, 'rvxzqcmoik@gmail.com', '13407025865', '/file/upload/images/avatar/2019/4/avatar_20190406225028503913049.jpg', '高老师 毕业于内蒙古师范大学法学系。2006年7月进入学校担任文综课程教学。2008学年起一直担任初三年级的文综教学、2010年评为智慧型教师。作为初三年级的思想品德教师，连续五届思想品德学业考试取得第一的成绩。', '3462', 'CDcG', '0', '1', '2019-04-07 00:19:21', '2019-04-07 00:19:21', '2019-04-07 00:51:55', null);
INSERT INTO `as_user` VALUES ('172', '李进', '热情狙击手', '0', 'ceb06295d73ee99df5b19f3d98b1ba84', '1', '1', '1', '2', '2', null, null, null, '1wzwz@yahoo.com.cn', '15307335925', '/file/upload/images/avatar/2019/4/avatar_2019040622512835343056.jpg', '毕业于南开大学，数学功底扎实，逻辑思维清晰，对待教学工作严肃认真，对学生尽职尽责。极具亲和力，课堂生动活泼，并能寓教于乐，激发学生的学习兴趣和积极性，促使学生养成良好的学习习惯。熟悉了解学生的心理，善于发现每一位学生的优点和特点，从而帮助他们取得更大的进步。', '46944', 'HEsA', '1', '0', '2019-04-07 00:19:21', '2019-04-07 00:19:21', '2019-04-07 00:51:55', null);
INSERT INTO `as_user` VALUES ('173', '崔磊', '此昵称不存在', '0', 'ceb06295d73ee99df5b19f3d98b1ba84', '0', '0', '0', '1', '2', null, null, null, '35h9t98paor@gmail.com', '15607725248', '/static/home/images/user-head/1.jpg', '张老师，毕业于上海师范大学外国语学院。2004年7月担任某中学英语老师，多年担任初三英语教学和班主任工作，现为中学高级教师，2008年9月评为金牌好老师、2010年9月评为先进教师，2011年4月记大功。', '39569', 'dEEJ', '0', '1', '2019-04-07 00:19:21', '2019-04-07 00:19:21', '2019-04-07 00:51:55', null);
INSERT INTO `as_user` VALUES ('174', '杨宝冰', '再见是否如初', '1', 'ceb06295d73ee99df5b19f3d98b1ba84', '1', '0', '1', '2', '1', null, null, null, 'ztf2qpq@263.net', '15708222042', '/file/upload/images/avatar/2019/4/avatar_20190406214135124811995.jpg', '沈老师 毕业于师范大学汉语语言文学专业，2004年7月进入中学任教，担任初中语文教学和德育教导主任，现为中学高级教师。多次荣获优秀教师称号，2007年4月评为红旗中队优秀辅导员，2008年9月获优秀班主任铜奖，2008年10月荣获优秀班主任称号，2009年1月获第三届中学生现代文阅读大赛优秀指导奖，初中智慧型优秀教师称号，2010年5月“记大功”。', '29805', '1A5Q', '0', '0', '2019-04-07 00:19:21', '2019-04-07 00:19:21', '2019-04-07 00:51:55', null);
INSERT INTO `as_user` VALUES ('175', '孙翠', '梦开始的地方', '0', 'ceb06295d73ee99df5b19f3d98b1ba84', '1', '0', '1', '2', '2', null, null, null, '7ysvmsclqh@gmail.com', '15504081278', '/file/upload/images/avatar/2019/4/avatar_20190406220359982997351.jpg', '张青青，现任解题无忧专职英语教师。获得英语专业八级证书，高级教师资格证书。从事英语教学工作六年，于2015年加入解题无忧学习中心从事教学工作。张老师具有丰富的教学经验以及专业的学科知识，主要负责中考及高考英语课程的讲解及研发。人生格言是：诚挚的心灵，是学生情感的钥匙， 高尚的师德，是学生心灵的明镜。', '3888', 'ZQaJ', '0', '1', '2019-04-07 00:19:21', '2019-04-07 00:19:21', '2019-04-07 00:51:55', null);
INSERT INTO `as_user` VALUES ('176', '谢室冬', '时光偷走初心', '1', 'ceb06295d73ee99df5b19f3d98b1ba84', '0', '0', '0', '2', '2', null, null, null, 'm5wdha2e6p@163.com', '15501385554', '/file/upload/images/avatar/2019/4/avatar_201904062212503429152.jpg', '英语硕士，担任中学英语老师，从教15年，有丰富的教学经验，曾经获得教学能手的荣誉称号。所带班级的英语成绩经常会有新的突破，尤其是对于如何提高学生的英语成绩有着独到的见解及独特的方法。好学生能够更好地发挥英语专长，后进生逐渐增强学习英语的信心。', '15871', 'JrE6', '0', '1', '2019-04-07 00:19:21', '2019-04-07 00:19:21', '2019-04-07 00:51:55', null);
INSERT INTO `as_user` VALUES ('177', '玉福', '痴心留不住', '0', 'ceb06295d73ee99df5b19f3d98b1ba84', '0', '1', '0', '1', '1', null, null, null, 'nghm3x1www2p@hotmail.com', '15604353090', '/file/upload/images/avatar/2019/4/avatar_20190406221836759766820.jpg', '王老师担任某中学物理老师。从事教育工作15年一直担任物理教师兼班主任工作。曾获省、市教研教改先进个人，“优秀班主任”等光荣称号，多次被学校评为“优秀教师”“先进德育工作者”。撰写的经验论文多次获国家、省、市级一、二等奖。', '23684', 'e31R', '0', '0', '2019-04-07 00:19:21', '2019-04-07 00:19:21', '2019-04-07 00:51:55', null);
INSERT INTO `as_user` VALUES ('178', '王雪', '渐行渐远渐陌生', '1', 'ceb06295d73ee99df5b19f3d98b1ba84', '0', '1', '1', '1', '2', null, null, null, '8pmlfpq@163.net', '15804045523', '/file/upload/images/avatar/2019/4/avatar_20190406221937855435353.jpg', '刘老师从事教育教学工作13年，在担任语文教学和班主任工作期间，积累了丰富的教学经验 曾参加省市、全国教育教学各项比赛多次荣获“教学竞赛一等奖”、“优秀教师”、“优秀中队辅导员”、“优秀辅导教师”，辅导学生参赛成绩显著。在“麓山”温暖的怀抱里，最幸福的是赢得了家长的信任，孩子们的喜爱。', '38277', 'Cksd', '1', '0', '2019-04-07 00:19:22', '2019-04-07 00:19:22', '2019-04-07 00:51:55', null);
INSERT INTO `as_user` VALUES ('179', '王岩', '故人以北爱荒凉', '0', 'ceb06295d73ee99df5b19f3d98b1ba84', '1', '0', '0', '1', '2', null, null, null, 'nc5fezv2bur@yahoo.com.cn', '13101665913', '/file/upload/images/avatar/2019/4/avatar_2019040622203581846239.jpg', '曹老师 2006年毕业于师范大学数学系，并获得市优秀毕业生称号。2006年6月成为中学老师，担任数学教学、年级组长。 2008年获第三届“金铭杯”智慧型教师、优秀教师“记大功”奖励。2009年获得园丁奖、全国民办教育优秀教师称号。2010年获教育系统三八红旗手。2011年评为德育标兵。', '27465', 'kAnj', '1', '1', '2019-04-07 00:19:22', '2019-04-07 00:19:22', '2019-04-07 00:51:55', null);
INSERT INTO `as_user` VALUES ('180', '张强', '回忆掀起了疼痛', '1', 'ceb06295d73ee99df5b19f3d98b1ba84', '1', '0', '0', '2', '1', null, null, null, 'gl60508tm@hotmail.com', '15808153220', '/file/upload/images/avatar/2019/4/avatar_20190406222200386203266.jpg', '文库一般指按照编辑计划，选择一定范围内已印行的或专门编写的作品成套出版的地方。也指网上的开放供网友在线分享文档的平台。', '12177', 'a0DW', '1', '0', '2019-04-07 00:19:22', '2019-04-07 00:19:22', '2019-04-07 00:51:55', null);
INSERT INTO `as_user` VALUES ('181', '史霞', '稳拿女人心', '0', 'ceb06295d73ee99df5b19f3d98b1ba84', '1', '1', '1', '2', '1', null, null, null, '0g2nn0qdnym@yeah.net', '15508454287', '/file/upload/images/avatar/2019/4/avatar_20190406222303894281773.jpg', '我来自郑州，我是一名信息工程大学印刷工程专业应届本科即将毕业的学员。\r\n我的性格偏于内向，为人坦率、热情、讲求原则；处事乐观、专心、细致、头脑清醒；富有责任心、乐于助人。\r\n我还是一个正直忠诚、勤奋求实的人，会不断追求人格的自我完善；明显的特点是乐观自信、温和开朗、稳重宽厚，因此，我人际关系和谐，适应环境能力较强。爱好电脑、科普知识，喜欢钻研，正因为这些增强了我的实干精神，习惯事情或问题及早解决。\r\n最大的满足感在于该做的事顺利完成，以便有精力去关注其他，也就是追求感觉上的自我良好或优越感。最大的缺点是对没有秩序感的人可能缺乏足够的耐心，也可能因为心太细，会让别人误解我的一番好意。', '32251', 'xvHt', '1', '0', '2019-04-07 00:19:22', '2019-04-07 00:19:22', '2019-04-07 00:51:55', null);
INSERT INTO `as_user` VALUES ('182', '段坤丽', '霸气十足小伙', '1', 'ceb06295d73ee99df5b19f3d98b1ba84', '0', '0', '0', '1', '2', null, null, null, 'hps@live.com', '15203403852', '/file/upload/images/avatar/2019/4/avatar_20190406222402259985740.jpg', '8月15日出生于湖南省张家界，毕业于中央民族大学音乐学院声乐硕士研究生，先后师从于湖南省艺术学校声乐教授梁琼老师、中央民族大学音乐学院声乐教授乌云陶丽老师和总政治部著名女高音歌唱家歌剧表演艺术家黄华丽老师，多次全国声乐比赛中斩获大奖。', '30645', 'swzP', '1', '1', '2019-04-07 00:19:22', '2019-04-07 00:19:22', '2019-04-07 00:51:56', null);
INSERT INTO `as_user` VALUES ('183', '赵凤', '我很怪但我不坏', '0', 'ceb06295d73ee99df5b19f3d98b1ba84', '1', '0', '1', '1', '2', null, null, null, 'ksa06ru@yahoo.com.cn', '15300167221', '/file/upload/images/avatar/2019/4/avatar_20190406222506942875201.jpg', '我是一个学弱', '17248', '2rta', '0', '0', '2019-04-07 00:19:22', '2019-04-07 00:19:22', '2019-04-07 00:51:56', null);
INSERT INTO `as_user` VALUES ('184', '贝宝贝', '选择性回忆', '0', 'ceb06295d73ee99df5b19f3d98b1ba84', '1', '0', '1', '1', '1', null, null, null, '8sibt21zsjh@qq.com', '13805811522', '/file/upload/images/avatar/2019/4/avatar_20190406222604562295414.jpg', '1976年3月12日出生于安徽省芜湖市，华语影视女演员、歌手、导演、监制，取得了北京电影学院导演系硕士的学位。1993年，完成了个人首部电影作品《画魂》，从而开启了她的演艺生涯。1995年，首次担纲女主角，并完成了个人首部电视剧作品，在都市情感轻喜剧《姐姐妹妹闯北京》中饰演了白小雪。1998年，其主演的清装宫廷剧《还珠格格》播出，创造出收视率中国第一、', '36740', '84Xd', '1', '0', '2019-04-07 00:19:22', '2019-04-07 00:19:22', '2019-04-07 00:51:56', null);
INSERT INTO `as_user` VALUES ('185', '佳颖', '谁伴谁闯荡', '1', 'ceb06295d73ee99df5b19f3d98b1ba84', '1', '0', '1', '2', '2', null, null, null, 'fvpc35dgs@live.com', '15206202409', '/file/upload/images/avatar/2019/4/avatar_2019040622271566469076.jpg', '吴建飞，1983年9月27日出生于浙江台州，中国内地影视男演员、歌手，毕业于北京电影学院。\r\n2006年参加东方卫视选秀娱乐节目《加油！好男儿》的比赛，获得全国季军，从而正式进入演艺圈。此后，他演唱《脆弱》《偏偏爱上你》等歌曲，并主演《铠甲勇士》《幸福三颗星》等影视作品。2007年，他跻身福布斯名人榜前100名。2011年，他凭借其在音乐电影《他来听我的演唱会》中的表现，获得第三届澳门国际电影节最佳新人奖。2013年，在电视剧《盛夏晚晴天》中饰演莫凌天。2018年在《壮志高飞》中饰演了罗冬一角', '23090', '27nt', '0', '1', '2019-04-07 00:19:22', '2019-04-07 00:19:22', '2019-04-07 00:51:56', null);
INSERT INTO `as_user` VALUES ('186', '胡倩', '最是奢侈少年梦', '0', 'ceb06295d73ee99df5b19f3d98b1ba84', '0', '0', '1', '1', '1', null, null, null, 'vissz@163.com', '15807551322', '/file/upload/images/avatar/2019/4/avatar_20190406222801710993234.jpg', '许飞，1985年10月21日出生于吉林省四平市，中国内地流行乐女歌手、音乐创作人，毕业于中国人民解放军艺术学院音乐系。2006年，参加湖南卫视选秀娱乐节目《超级女声》的比赛，获得全国总决赛第六名；同年9月，发行首支个人单曲《那年夏天》。2007年，发行首张个人EP《也许，飞》。2008年4月22日，发行首张个人音乐专辑《恰许同学年少》，获得音乐先锋榜“内地最受欢迎先锋女歌手”等奖；', '5704', '8Jk6', '0', '0', '2019-04-07 00:19:22', '2019-04-07 00:19:22', '2019-04-07 00:51:56', null);
INSERT INTO `as_user` VALUES ('187', '顾莉', '少年就要狂', '0', 'ceb06295d73ee99df5b19f3d98b1ba84', '1', '1', '0', '2', '2', null, null, null, 'lwegm317kb@163.net', '15903017761', '/file/upload/images/avatar/2019/4/avatar_201904062230568804475.jpg', '韩雪，1983年1月11日出生于江苏省苏州市姑苏区，中国内地女演员、歌手、影视制作人，毕业于上海戏剧学院表演系。2000年，韩雪参加并获得香港嘉禾影视公司主办的“世纪之星”影视歌新人大赛全国金奖，随后出演其首部大荧幕作品《浪漫樱花》，同年，韩雪以文化考试第一名的成绩被上海戏剧学院表演系录取；2003年12月，因在古装武侠剧《飞刀又见飞刀》中扮演冷小星而受到关注；', '26816', 'yRe6', '0', '0', '2019-04-07 00:19:22', '2019-04-07 00:19:22', '2019-04-07 00:51:56', null);
INSERT INTO `as_user` VALUES ('188', '金聪', '沉敛一生', '0', 'ceb06295d73ee99df5b19f3d98b1ba84', '0', '1', '1', '1', '1', null, null, null, 'vr1@0355.net', '13202637039', '/file/upload/images/avatar/2019/4/avatar_20190406223319898230131.jpg', '毛方圆，1987年9月10日出生于浙江省宁波市象山县，中国内地男演员、歌手，毕业于杭州艺术学校。\r\n2006年，报名参加东方卫视选秀娱乐节目《加油！好男儿》杭州赛区的比赛，获得杭州赛区五强、全国20强 [1]  。2007年，加入“兄弟联”组合 [2]  ；同年，兄弟联推出首张组合音乐专辑《兄弟联》 [3]  。2008年，出演个人首部电视剧《网球王子》 [4]  。2011年，获得第18届“东方风云榜”内地新人铜奖 [5]  ；同年，推出首支个人单曲《盗梦者》 [6]  。2013年，获得”美境中国绿色盛典“最佳人物奖 [7]  。2014年，出演陈星海执导的电影《探秘者》 [8]  。2015年，主演近代情感剧《左轮手枪》 [9]  ；同年，在都市悬疑网络剧《重生之名流巨星》中饰演牧哲白 [10]  。2016年，在古装传奇剧《醉玲珑》中饰演萧续 [11]  。同年出演电视剧《制裁者联盟》，饰演花东阁。 [12]  同年在网剧《颤抖吧，阿部》中饰演朵星舰长。 [12]  2017年1月16日，其主演的贺岁喜剧电影《菜鸟囧探》全网上线播出 [13]  ；同年4月，主演都市爱情网络剧《异地恋》 [14]  。同年9月参加综艺《零点食神》。 [15]  同年10月主演《少女四大名捕之白银惨案》。 [16]  同年11月，斩获亚洲音乐盛典“年度最佳影视歌曲奖”。 [16]  2018年，出演古装科幻网剧《颤抖吧阿部之朵星风云》', '14946', 'zBU2', '0', '0', '2019-04-07 00:19:22', '2019-04-07 00:19:22', '2019-04-07 00:51:56', null);
INSERT INTO `as_user` VALUES ('189', '陆庆芬', '成熟的身心疲惫', '1', 'ceb06295d73ee99df5b19f3d98b1ba84', '1', '0', '0', '2', '2', null, null, null, '1fggiag@0355.net', '15607760183', '/file/upload/images/avatar/2019/4/avatar_20190406223443738176592.jpg', 'This is my introduce...', '35335', 'mhhD', '0', '0', '2019-04-07 00:19:22', '2019-04-07 00:19:22', '2019-04-07 00:51:59', null);
INSERT INTO `as_user` VALUES ('190', '周华', '御姐控的大叔酱', '1', 'ceb06295d73ee99df5b19f3d98b1ba84', '1', '0', '0', '2', '2', null, null, null, 'uguiz7lba@3721.net', '15000118296', '/file/upload/images/avatar/2019/4/avatar_20190406224824138582381.jpg', '我是一位高中数学老师，欢迎来提问骚扰', '6087', 'SQKR', '0', '1', '2019-04-07 00:19:22', '2019-04-07 00:19:22', '2019-04-07 00:52:00', null);
INSERT INTO `as_user` VALUES ('191', '丁李丽', '注定沧桑', '0', 'ceb06295d73ee99df5b19f3d98b1ba84', '1', '1', '0', '2', '1', null, null, null, '07cv3piv6@126.com', '15200553396', '/file/upload/images/avatar/2019/4/avatar_20190406224936338954203.jpg', '成龙（Jackie Chan），1954年4月7日出生于香港，祖籍安徽芜湖。中国香港男演员、导演、动作指导、制作人、编剧、歌手 [1]  。\r\n1971年以武师身份进入电影圈 [2]  。1978年主演《醉拳》成名，开创功夫喜剧片 [3]  。1980年自导自演《师弟出马》破香港历史票房纪录 [4]  。1985年创作《警察故事》系列。主演《A计划》《奇迹》《飞鹰计划》《我是谁》《十二生肖》等 [5-6]  。2005年《醉拳Ⅱ》入选《时代周刊》”全球史上百部最佳电影“ [7]  。成龙是首位蝉联金马奖最佳男主角的演员，首位获金鸡奖最佳男主角的港台演员 [8-9]  。\r\n1995年凭《红番区》打入美国好莱坞，破北美外语片票房纪录 [10-11]  。1998年《尖峰时刻》奠定其在好莱坞地位 [12]  ，2001年《尖峰时刻2》创华人演员主演好莱坞电影票房纪录 [13]  ，2007年《尖峰时刻3》片酬2000万美元加全球分红 [14]  。2012年被美国《纽约时报》评为“史上20位最伟大的动作影星”第一 [15]  ，2016年获奥斯卡终身成就奖', '8369', 'D42W', '0', '0', '2019-04-07 00:19:23', '2019-04-07 00:19:23', '2019-04-07 00:52:00', null);
INSERT INTO `as_user` VALUES ('192', '秦垒', '成熟仔', '0', 'ceb06295d73ee99df5b19f3d98b1ba84', '0', '0', '0', '1', '1', null, null, null, 'lo81v@aol.com', '15905483798', '/file/upload/images/avatar/2019/4/avatar_20190406214135124811995.jpg', '白老师，某重点中学化学老师，从教5年，有丰富的教学经验，将中考化学的重点，难点融会贯通，用鲜活的教学方法为学生讲解。在化学中考上有独到的见解和复习思路，受到学生的欢迎和认可。', '37343', '6VEh', '1', '0', '2019-04-07 00:19:23', '2019-04-07 00:19:23', '2019-04-07 00:52:00', null);
INSERT INTO `as_user` VALUES ('193', '李苑', '一丝沧桑', '1', 'ceb06295d73ee99df5b19f3d98b1ba84', '0', '0', '0', '1', '1', null, null, null, 'df67vl@aol.com', '15902544645', '/file/upload/images/avatar/2019/4/avatar_20190406220359982997351.jpg', '高老师 毕业于内蒙古师范大学法学系。2006年7月进入学校担任文综课程教学。2008学年起一直担任初三年级的文综教学、2010年评为智慧型教师。作为初三年级的思想品德教师，连续五届思想品德学业考试取得第一的成绩。', '14395', 'ynin', '0', '0', '2019-04-07 00:19:23', '2019-04-07 00:19:23', '2019-04-07 00:52:00', null);
INSERT INTO `as_user` VALUES ('194', '栾庆娈', '胡渣熟男', '0', 'ceb06295d73ee99df5b19f3d98b1ba84', '0', '1', '0', '1', '1', null, null, null, 'qsqlfnd@126.com', '13000772447', '/file/upload/images/avatar/2019/4/avatar_201904062212503429152.jpg', '毕业于南开大学，数学功底扎实，逻辑思维清晰，对待教学工作严肃认真，对学生尽职尽责。极具亲和力，课堂生动活泼，并能寓教于乐，激发学生的学习兴趣和积极性，促使学生养成良好的学习习惯。熟悉了解学生的心理，善于发现每一位学生的优点和特点，从而帮助他们取得更大的进步。', '22949', 'qFMe', '0', '0', '2019-04-07 00:19:23', '2019-04-07 00:19:23', '2019-04-07 00:52:00', null);
INSERT INTO `as_user` VALUES ('195', '沈洋', '国民萌叔', '0', 'ceb06295d73ee99df5b19f3d98b1ba84', '1', '1', '1', '2', '1', null, null, null, 'tc7fqa89rp@aol.com', '15303162503', '/file/upload/images/avatar/2019/4/avatar_20190406221836759766820.jpg', '张老师，毕业于上海师范大学外国语学院。2004年7月担任某中学英语老师，多年担任初三英语教学和班主任工作，现为中学高级教师，2008年9月评为金牌好老师、2010年9月评为先进教师，2011年4月记大功。', '40931', 'y8rm', '0', '0', '2019-04-07 00:19:23', '2019-04-07 00:19:23', '2019-04-07 00:52:00', null);
INSERT INTO `as_user` VALUES ('196', '王张曈', '往复随安', '0', 'ceb06295d73ee99df5b19f3d98b1ba84', '0', '1', '1', '1', '1', null, null, null, 'vzm7@0355.net', '15500530552', '/file/upload/images/avatar/2019/4/avatar_20190406221937855435353.jpg', '沈老师 毕业于师范大学汉语语言文学专业，2004年7月进入中学任教，担任初中语文教学和德育教导主任，现为中学高级教师。多次荣获优秀教师称号，2007年4月评为红旗中队优秀辅导员，2008年9月获优秀班主任铜奖，2008年10月荣获优秀班主任称号，2009年1月获第三届中学生现代文阅读大赛优秀指导奖，初中智慧型优秀教师称号，2010年5月“记大功”。', '47546', 'SWdy', '1', '0', '2019-04-07 00:19:23', '2019-04-07 00:19:23', '2019-04-07 00:52:00', null);
INSERT INTO `as_user` VALUES ('197', '吴彤', '理想三旬', '1', 'ceb06295d73ee99df5b19f3d98b1ba84', '1', '0', '1', '1', '1', null, null, null, 'gdy@hotmail.com', '13304240698', '/file/upload/images/avatar/2019/4/avatar_2019040622203581846239.jpg', '张青青，现任解题无忧专职英语教师。获得英语专业八级证书，高级教师资格证书。从事英语教学工作六年，于2015年加入解题无忧学习中心从事教学工作。张老师具有丰富的教学经验以及专业的学科知识，主要负责中考及高考英语课程的讲解及研发。人生格言是：诚挚的心灵，是学生情感的钥匙， 高尚的师德，是学生心灵的明镜。', '27392', 'Xn52', '1', '0', '2019-04-07 00:19:23', '2019-04-07 00:19:23', '2019-04-07 00:52:00', null);
INSERT INTO `as_user` VALUES ('198', '施波', '久经风霜', '1', 'ceb06295d73ee99df5b19f3d98b1ba84', '1', '1', '1', '2', '2', null, null, null, 'v25yozx@126.com', '13207694325', '/file/upload/images/avatar/2019/4/avatar_20190406222200386203266.jpg', '英语硕士，担任中学英语老师，从教15年，有丰富的教学经验，曾经获得教学能手的荣誉称号。所带班级的英语成绩经常会有新的突破，尤其是对于如何提高学生的英语成绩有着独到的见解及独特的方法。好学生能够更好地发挥英语专长，后进生逐渐增强学习英语的信心。', '37428', 'ufqx', '1', '0', '2019-04-07 00:19:23', '2019-04-07 00:19:23', '2019-04-07 00:52:00', null);
INSERT INTO `as_user` VALUES ('199', '冯年皓', '吞咽沧桑', '1', 'ceb06295d73ee99df5b19f3d98b1ba84', '1', '1', '0', '2', '2', null, null, null, 'g4b47gxzim@googlemail.com', '13401067693', '/file/upload/images/avatar/2019/4/avatar_20190406222303894281773.jpg', '王老师担任某中学物理老师。从事教育工作15年一直担任物理教师兼班主任工作。曾获省、市教研教改先进个人，“优秀班主任”等光荣称号，多次被学校评为“优秀教师”“先进德育工作者”。撰写的经验论文多次获国家、省、市级一、二等奖。', '12180', '31eV', '1', '0', '2019-04-07 00:19:23', '2019-04-07 00:19:23', '2019-04-07 00:52:00', null);
INSERT INTO `as_user` VALUES ('200', '林海', '微笑面对', '0', 'ceb06295d73ee99df5b19f3d98b1ba84', '0', '1', '0', '1', '2', null, null, null, 'dyagu0d@0355.net', '13306346863', '/file/upload/images/avatar/2019/4/avatar_20190406222402259985740.jpg', '刘老师从事教育教学工作13年，在担任语文教学和班主任工作期间，积累了丰富的教学经验 曾参加省市、全国教育教学各项比赛多次荣获“教学竞赛一等奖”、“优秀教师”、“优秀中队辅导员”、“优秀辅导教师”，辅导学生参赛成绩显著。在“麓山”温暖的怀抱里，最幸福的是赢得了家长的信任，孩子们的喜爱。', '6367', 'LAH7', '0', '1', '2019-04-07 00:19:23', '2019-04-07 00:19:23', '2019-04-07 00:52:01', null);
INSERT INTO `as_user` VALUES ('201', '胡琪', '慢性偏执小怪人', '0', 'ceb06295d73ee99df5b19f3d98b1ba84', '0', '0', '0', '1', '2', null, null, null, 'lritjjjz8ie@sina.com', '13200754852', '/file/upload/images/avatar/2019/4/avatar_20190406222506942875201.jpg', '曹老师 2006年毕业于师范大学数学系，并获得市优秀毕业生称号。2006年6月成为中学老师，担任数学教学、年级组长。 2008年获第三届“金铭杯”智慧型教师、优秀教师“记大功”奖励。2009年获得园丁奖、全国民办教育优秀教师称号。2010年获教育系统三八红旗手。2011年评为德育标兵。', '35446', 'dP6w', '0', '1', '2019-04-07 00:19:23', '2019-04-07 00:19:23', '2019-04-07 00:52:01', null);
INSERT INTO `as_user` VALUES ('202', '徐刚', '我与你白首相礼', '1', 'ceb06295d73ee99df5b19f3d98b1ba84', '0', '0', '0', '2', '2', null, null, null, 'sl3bu@sohu.com', '15300380925', '/file/upload/images/avatar/2019/4/avatar_20190406222604562295414.jpg', '文库一般指按照编辑计划，选择一定范围内已印行的或专门编写的作品成套出版的地方。也指网上的开放供网友在线分享文档的平台。', '47835', '2VmS', '1', '0', '2019-04-07 00:19:23', '2019-04-07 00:19:23', '2019-04-07 00:52:01', null);
INSERT INTO `as_user` VALUES ('203', '厉天', '傲血狂沙', '1', 'ceb06295d73ee99df5b19f3d98b1ba84', '0', '0', '1', '1', '2', null, null, null, 'jphs57aw@sina.com', '15706283632', '/file/upload/images/avatar/2019/4/avatar_2019040622271566469076.jpg', '我来自郑州，我是一名信息工程大学印刷工程专业应届本科即将毕业的学员。\r\n我的性格偏于内向，为人坦率、热情、讲求原则；处事乐观、专心、细致、头脑清醒；富有责任心、乐于助人。\r\n我还是一个正直忠诚、勤奋求实的人，会不断追求人格的自我完善；明显的特点是乐观自信、温和开朗、稳重宽厚，因此，我人际关系和谐，适应环境能力较强。爱好电脑、科普知识，喜欢钻研，正因为这些增强了我的实干精神，习惯事情或问题及早解决。\r\n最大的满足感在于该做的事顺利完成，以便有精力去关注其他，也就是追求感觉上的自我良好或优越感。最大的缺点是对没有秩序感的人可能缺乏足够的耐心，也可能因为心太细，会让别人误解我的一番好意。', '45329', '0Q99', '0', '1', '2019-04-07 00:19:24', '2019-04-07 00:19:24', '2019-04-07 00:52:01', null);
INSERT INTO `as_user` VALUES ('204', '马啊超', '简单也极端', '1', 'ceb06295d73ee99df5b19f3d98b1ba84', '1', '0', '1', '2', '1', null, null, null, 'mbcycmjs0@163.net', '13207367832', '/file/upload/images/avatar/2019/4/avatar_20190406222801710993234.jpg', '8月15日出生于湖南省张家界，毕业于中央民族大学音乐学院声乐硕士研究生，先后师从于湖南省艺术学校声乐教授梁琼老师、中央民族大学音乐学院声乐教授乌云陶丽老师和总政治部著名女高音歌唱家歌剧表演艺术家黄华丽老师，多次全国声乐比赛中斩获大奖。', '44849', 'QX4k', '1', '0', '2019-04-07 00:19:24', '2019-04-07 00:19:24', '2019-04-07 00:52:01', null);
INSERT INTO `as_user` VALUES ('205', '姚队锋', '清川带长薄', '0', 'ceb06295d73ee99df5b19f3d98b1ba84', '0', '1', '0', '1', '1', null, null, null, 'u7i@qq.com', '13405124039', '/file/upload/images/avatar/2019/4/avatar_201904062230568804475.jpg', 'This is my introduce...', '45419', 'dvru', '0', '1', '2019-04-07 00:19:24', '2019-04-07 00:19:24', '2019-04-07 00:52:05', null);
INSERT INTO `as_user` VALUES ('206', '姜东', '自认与酒同醉', '0', 'ceb06295d73ee99df5b19f3d98b1ba84', '1', '0', '0', '1', '1', null, null, null, 'g6rlunldef@ask.com', '15908017550', '/file/upload/images/avatar/2019/4/avatar_20190406223319898230131.jpg', '我是一位高中数学老师，欢迎来提问骚扰', '34698', 'eKBq', '1', '1', '2019-04-07 00:19:24', '2019-04-07 00:19:24', '2019-04-07 00:52:05', null);
INSERT INTO `as_user` VALUES ('207', '戴凤钰', '空山梦', '0', 'ceb06295d73ee99df5b19f3d98b1ba84', '1', '0', '1', '1', '1', null, null, null, '7ts3@yahoo.com.cn', '13201166374', '/file/upload/images/avatar/2019/4/avatar_20190406223443738176592.jpg', '成龙（Jackie Chan），1954年4月7日出生于香港，祖籍安徽芜湖。中国香港男演员、导演、动作指导、制作人、编剧、歌手 [1]  。\r\n1971年以武师身份进入电影圈 [2]  。1978年主演《醉拳》成名，开创功夫喜剧片 [3]  。1980年自导自演《师弟出马》破香港历史票房纪录 [4]  。1985年创作《警察故事》系列。主演《A计划》《奇迹》《飞鹰计划》《我是谁》《十二生肖》等 [5-6]  。2005年《醉拳Ⅱ》入选《时代周刊》”全球史上百部最佳电影“ [7]  。成龙是首位蝉联金马奖最佳男主角的演员，首位获金鸡奖最佳男主角的港台演员 [8-9]  。\r\n1995年凭《红番区》打入美国好莱坞，破北美外语片票房纪录 [10-11]  。1998年《尖峰时刻》奠定其在好莱坞地位 [12]  ，2001年《尖峰时刻2》创华人演员主演好莱坞电影票房纪录 [13]  ，2007年《尖峰时刻3》片酬2000万美元加全球分红 [14]  。2012年被美国《纽约时报》评为“史上20位最伟大的动作影星”第一 [15]  ，2016年获奥斯卡终身成就奖', '9027', '46nr', '1', '0', '2019-04-07 00:19:24', '2019-04-07 00:19:24', '2019-04-07 00:52:05', null);
INSERT INTO `as_user` VALUES ('208', '张璐', '旧人揪心', '0', 'ceb06295d73ee99df5b19f3d98b1ba84', '0', '1', '0', '1', '2', null, null, null, 'dwjn2prfi9n@yahoo.com.cn', '13401710131', '/file/upload/images/avatar/2019/4/avatar_20190406224824138582381.jpg', '白老师，某重点中学化学老师，从教5年，有丰富的教学经验，将中考化学的重点，难点融会贯通，用鲜活的教学方法为学生讲解。在化学中考上有独到的见解和复习思路，受到学生的欢迎和认可。', '33747', 'Jhgk', '1', '0', '2019-04-07 00:19:24', '2019-04-07 00:19:24', '2019-04-07 00:52:05', null);
INSERT INTO `as_user` VALUES ('209', '唐雯', '闲懒诗人', '1', 'ceb06295d73ee99df5b19f3d98b1ba84', '1', '1', '0', '1', '1', null, null, null, 'zcgsi@msn.com', '13106891502', '/file/upload/images/avatar/2019/4/avatar_20190406224936338954203.jpg', '高老师 毕业于内蒙古师范大学法学系。2006年7月进入学校担任文综课程教学。2008学年起一直担任初三年级的文综教学、2010年评为智慧型教师。作为初三年级的思想品德教师，连续五届思想品德学业考试取得第一的成绩。', '43830', 'dzqa', '0', '0', '2019-04-07 00:19:24', '2019-04-07 00:19:24', '2019-04-07 00:52:06', null);
INSERT INTO `as_user` VALUES ('210', '郑洋', '醉南桥', '1', 'ceb06295d73ee99df5b19f3d98b1ba84', '1', '0', '0', '2', '1', null, null, null, 'ei9je7gq@qq.com', '13704168825', '/file/upload/images/avatar/2019/4/avatar_20190406225028503913049.jpg', '毕业于南开大学，数学功底扎实，逻辑思维清晰，对待教学工作严肃认真，对学生尽职尽责。极具亲和力，课堂生动活泼，并能寓教于乐，激发学生的学习兴趣和积极性，促使学生养成良好的学习习惯。熟悉了解学生的心理，善于发现每一位学生的优点和特点，从而帮助他们取得更大的进步。', '10197', 'W9jw', '1', '0', '2019-04-07 00:19:24', '2019-04-07 00:19:24', '2019-04-07 00:52:06', null);
INSERT INTO `as_user` VALUES ('211', '杨雄', '诗的颈窝', '1', 'ceb06295d73ee99df5b19f3d98b1ba84', '1', '1', '0', '1', '1', null, null, null, 'zm2ufvzc@aol.com', '13705152805', '/file/upload/images/avatar/2019/4/avatar_20190406214135124811995.jpg', '张老师，毕业于上海师范大学外国语学院。2004年7月担任某中学英语老师，多年担任初三英语教学和班主任工作，现为中学高级教师，2008年9月评为金牌好老师、2010年9月评为先进教师，2011年4月记大功。', '26609', 'wZrn', '1', '0', '2019-04-07 00:19:24', '2019-04-07 00:19:24', '2019-04-07 00:52:06', null);
INSERT INTO `as_user` VALUES ('212', '陈君', '痴意少年', '1', 'ceb06295d73ee99df5b19f3d98b1ba84', '0', '1', '0', '1', '2', null, null, null, 'sjl5zxzs08j@263.net', '13205878150', '/file/upload/images/avatar/2019/4/avatar_20190406220359982997351.jpg', '沈老师 毕业于师范大学汉语语言文学专业，2004年7月进入中学任教，担任初中语文教学和德育教导主任，现为中学高级教师。多次荣获优秀教师称号，2007年4月评为红旗中队优秀辅导员，2008年9月获优秀班主任铜奖，2008年10月荣获优秀班主任称号，2009年1月获第三届中学生现代文阅读大赛优秀指导奖，初中智慧型优秀教师称号，2010年5月“记大功”。', '31501', 'nzYM', '1', '1', '2019-04-07 00:19:24', '2019-04-07 00:19:24', '2019-04-07 00:52:06', null);
INSERT INTO `as_user` VALUES ('213', '刘琳', '何人一笑', '1', 'ceb06295d73ee99df5b19f3d98b1ba84', '1', '1', '0', '2', '2', null, null, null, '73lwjw5@163.net', '15503930182', '/file/upload/images/avatar/2019/4/avatar_201904062212503429152.jpg', '张青青，现任解题无忧专职英语教师。获得英语专业八级证书，高级教师资格证书。从事英语教学工作六年，于2015年加入解题无忧学习中心从事教学工作。张老师具有丰富的教学经验以及专业的学科知识，主要负责中考及高考英语课程的讲解及研发。人生格言是：诚挚的心灵，是学生情感的钥匙， 高尚的师德，是学生心灵的明镜。', '40029', '5Smf', '0', '1', '2019-04-07 00:19:24', '2019-04-07 00:19:24', '2019-04-07 00:52:06', null);
INSERT INTO `as_user` VALUES ('214', '郭啊靓', '稳握江山权', '1', 'ceb06295d73ee99df5b19f3d98b1ba84', '0', '1', '0', '1', '2', null, null, null, '4za4iba@yahoo.com', '13002975524', '/file/upload/images/avatar/2019/4/avatar_20190406221836759766820.jpg', '英语硕士，担任中学英语老师，从教15年，有丰富的教学经验，曾经获得教学能手的荣誉称号。所带班级的英语成绩经常会有新的突破，尤其是对于如何提高学生的英语成绩有着独到的见解及独特的方法。好学生能够更好地发挥英语专长，后进生逐渐增强学习英语的信心。', '3337', 'WAaJ', '1', '1', '2019-04-07 00:19:24', '2019-04-07 00:19:24', '2019-04-07 00:52:06', null);
INSERT INTO `as_user` VALUES ('215', '蔡队芳', '白衣酒客', '0', 'ceb06295d73ee99df5b19f3d98b1ba84', '1', '0', '1', '1', '1', null, null, null, '2yq@yahoo.com.cn', '13804941788', '/file/upload/images/avatar/2019/4/avatar_20190406221937855435353.jpg', '王老师担任某中学物理老师。从事教育工作15年一直担任物理教师兼班主任工作。曾获省、市教研教改先进个人，“优秀班主任”等光荣称号，多次被学校评为“优秀教师”“先进德育工作者”。撰写的经验论文多次获国家、省、市级一、二等奖。', '9251', 'nk9f', '1', '0', '2019-04-07 00:19:24', '2019-04-07 00:19:24', '2019-04-07 00:52:06', null);
INSERT INTO `as_user` VALUES ('216', '景雪', '冷月长空', '0', 'ceb06295d73ee99df5b19f3d98b1ba84', '1', '0', '1', '1', '1', null, null, null, 'le248w@3721.net', '13106752448', '/file/upload/images/avatar/2019/4/avatar_2019040622203581846239.jpg', '刘老师从事教育教学工作13年，在担任语文教学和班主任工作期间，积累了丰富的教学经验 曾参加省市、全国教育教学各项比赛多次荣获“教学竞赛一等奖”、“优秀教师”、“优秀中队辅导员”、“优秀辅导教师”，辅导学生参赛成绩显著。在“麓山”温暖的怀抱里，最幸福的是赢得了家长的信任，孩子们的喜爱。', '49257', 'qevx', '0', '0', '2019-04-07 00:19:25', '2019-04-07 00:19:25', '2019-04-07 00:52:06', null);
INSERT INTO `as_user` VALUES ('217', '江帆', '小骨傲', '1', 'ceb06295d73ee99df5b19f3d98b1ba84', '1', '0', '0', '2', '1', null, null, null, 'lrl@yeah.net', '15208185914', '/file/upload/images/avatar/2019/4/avatar_20190406222200386203266.jpg', '曹老师 2006年毕业于师范大学数学系，并获得市优秀毕业生称号。2006年6月成为中学老师，担任数学教学、年级组长。 2008年获第三届“金铭杯”智慧型教师、优秀教师“记大功”奖励。2009年获得园丁奖、全国民办教育优秀教师称号。2010年获教育系统三八红旗手。2011年评为德育标兵。', '20662', 'Pcn1', '0', '1', '2019-04-07 00:19:25', '2019-04-07 00:19:25', '2019-04-07 00:52:06', null);
INSERT INTO `as_user` VALUES ('218', '邢晶', '风浒涟漪', '0', 'ceb06295d73ee99df5b19f3d98b1ba84', '0', '1', '0', '2', '1', null, null, null, '5q7slhtruzs@googlemail.com', '13307517370', '/file/upload/images/avatar/2019/4/avatar_20190406222303894281773.jpg', '文库一般指按照编辑计划，选择一定范围内已印行的或专门编写的作品成套出版的地方。也指网上的开放供网友在线分享文档的平台。', '29363', 'b777', '0', '1', '2019-04-07 00:19:25', '2019-04-07 00:19:25', '2019-04-07 00:52:06', null);
INSERT INTO `as_user` VALUES ('219', '穆唤', '滚刀废物', '1', 'ceb06295d73ee99df5b19f3d98b1ba84', '1', '0', '1', '1', '1', null, null, null, '368l@live.com', '13103263962', '/file/upload/images/avatar/2019/4/avatar_20190406222402259985740.jpg', '我来自郑州，我是一名信息工程大学印刷工程专业应届本科即将毕业的学员。\r\n我的性格偏于内向，为人坦率、热情、讲求原则；处事乐观、专心、细致、头脑清醒；富有责任心、乐于助人。\r\n我还是一个正直忠诚、勤奋求实的人，会不断追求人格的自我完善；明显的特点是乐观自信、温和开朗、稳重宽厚，因此，我人际关系和谐，适应环境能力较强。爱好电脑、科普知识，喜欢钻研，正因为这些增强了我的实干精神，习惯事情或问题及早解决。\r\n最大的满足感在于该做的事顺利完成，以便有精力去关注其他，也就是追求感觉上的自我良好或优越感。最大的缺点是对没有秩序感的人可能缺乏足够的耐心，也可能因为心太细，会让别人误解我的一番好意。', '9819', 'tEYA', '1', '1', '2019-04-07 00:19:25', '2019-04-07 00:19:25', '2019-04-07 00:52:06', null);
INSERT INTO `as_user` VALUES ('220', '刘凤阳', '此生杀伐', '1', 'ceb06295d73ee99df5b19f3d98b1ba84', '0', '1', '0', '1', '2', null, null, null, '503qlqcy@yahoo.com', '15201482680', '/file/upload/images/avatar/2019/4/avatar_20190406222506942875201.jpg', '8月15日出生于湖南省张家界，毕业于中央民族大学音乐学院声乐硕士研究生，先后师从于湖南省艺术学校声乐教授梁琼老师、中央民族大学音乐学院声乐教授乌云陶丽老师和总政治部著名女高音歌唱家歌剧表演艺术家黄华丽老师，多次全国声乐比赛中斩获大奖。', '46119', '3dwT', '0', '0', '2019-04-07 00:19:25', '2019-04-07 00:19:25', '2019-04-07 00:52:06', null);
INSERT INTO `as_user` VALUES ('221', '张升', '酒醒梦迟', '1', 'ceb06295d73ee99df5b19f3d98b1ba84', '1', '1', '1', '1', '1', null, null, null, '07ef0cmo@163.net', '15506791941', '/file/upload/images/avatar/2019/4/avatar_20190406222604562295414.jpg', '我是一个学弱', '6721', 'RBmL', '1', '0', '2019-04-07 00:19:25', '2019-04-07 00:19:25', '2019-04-07 00:52:07', null);
INSERT INTO `as_user` VALUES ('222', '李霞', '偶尔平凡', '1', 'ceb06295d73ee99df5b19f3d98b1ba84', '0', '0', '1', '1', '2', null, null, null, 'x2lkxp1b@163.net', '13200500939', '/file/upload/images/avatar/2019/4/avatar_2019040622271566469076.jpg', '1976年3月12日出生于安徽省芜湖市，华语影视女演员、歌手、导演、监制，取得了北京电影学院导演系硕士的学位。1993年，完成了个人首部电影作品《画魂》，从而开启了她的演艺生涯。1995年，首次担纲女主角，并完成了个人首部电视剧作品，在都市情感轻喜剧《姐姐妹妹闯北京》中饰演了白小雪。1998年，其主演的清装宫廷剧《还珠格格》播出，创造出收视率中国第一、', '12723', 'LsDy', '1', '0', '2019-04-07 00:19:25', '2019-04-07 00:19:25', '2019-04-07 00:52:07', null);
